species,length,weight,w_l_ratio
Anabas testudineus,11.26,3.14,0.28
Anabas testudineus,10.08,3.08,0.31
Anabas testudineus,10.96,3.05,0.28
Anabas testudineus,13.0,3.18,0.24
Anabas testudineus,13.96,3.13,0.22
Anabas testudineus,8.83,3.25,0.37
Anabas testudineus,11.7,3.33,0.28
Anabas testudineus,11.45,3.17,0.28
Anabas testudineus,15.65,3.54,0.23
Anabas testudineus,11.14,2.99,0.27
Anabas testudineus,10.07,3.14,0.31
Anabas testudineus,13.04,3.29,0.25
Anabas testudineus,11.08,3.2,0.29
Anabas testudineus,12.29,3.3,0.27
Anabas testudineus,11.31,3.29,0.29
Anabas testudineus,13.54,3.33,0.25
Anabas testudineus,10.8,3.06,0.28
Anabas testudineus,12.2,3.24,0.27
Anabas testudineus,11.45,2.98,0.26
Anabas testudineus,11.39,3.26,0.29
Anabas testudineus,10.82,3.2,0.3
Anabas testudineus,10.88,2.99,0.27
Anabas testudineus,14.77,3.18,0.22
Anabas testudineus,14.86,3.24,0.22
Anabas testudineus,13.23,3.1,0.23
Anabas testudineus,11.07,3.2,0.29
Anabas testudineus,12.14,3.21,0.26
Anabas testudineus,11.04,3.17,0.29
Anabas testudineus,10.42,3.16,0.3
Anabas testudineus,14.2,3.21,0.23
Anabas testudineus,9.91,3.29,0.33
Anabas testudineus,9.11,3.02,0.33
Anabas testudineus,12.74,3.24,0.25
Anabas testudineus,8.44,3.23,0.38
Anabas testudineus,10.49,3.08,0.29
Anabas testudineus,11.54,3.05,0.26
Anabas testudineus,11.99,3.25,0.27
Anabas testudineus,11.28,3.22,0.29
Anabas testudineus,10.37,3.22,0.31
Anabas testudineus,11.52,3.34,0.29
Anabas testudineus,7.72,3.21,0.42
Anabas testudineus,10.81,3.17,0.29
Anabas testudineus,10.2,3.17,0.31
Anabas testudineus,10.44,3.26,0.31
Anabas testudineus,13.48,3.31,0.25
Anabas testudineus,9.48,3.09,0.33
Anabas testudineus,11.92,3.05,0.26
Anabas testudineus,12.4,3.13,0.25
Anabas testudineus,8.78,3.14,0.36
Anabas testudineus,11.06,3.19,0.29
Anabas testudineus,10.23,3.25,0.32
Anabas testudineus,12.97,3.12,0.24
Anabas testudineus,12.38,3.25,0.26
Anabas testudineus,11.46,3.37,0.29
Anabas testudineus,10.89,3.2,0.29
Anabas testudineus,12.06,3.11,0.26
Anabas testudineus,10.94,3.11,0.28
Anabas testudineus,11.01,3.02,0.27
Anabas testudineus,14.06,3.48,0.25
Anabas testudineus,13.21,3.29,0.25
Anabas testudineus,8.98,3.15,0.35
Anabas testudineus,8.48,3.18,0.37
Anabas testudineus,8.89,3.15,0.35
Anabas testudineus,13.22,3.27,0.25
Anabas testudineus,10.87,3.13,0.29
Anabas testudineus,12.46,3.12,0.25
Anabas testudineus,10.89,3.12,0.29
Anabas testudineus,14.54,3.43,0.24
Anabas testudineus,9.41,3.01,0.32
Anabas testudineus,9.14,3.05,0.33
Anabas testudineus,12.55,3.13,0.25
Anabas testudineus,7.7,3.22,0.42
Anabas testudineus,12.97,3.21,0.25
Anabas testudineus,10.45,3.11,0.3
Anabas testudineus,13.4,3.13,0.23
Anabas testudineus,13.12,3.33,0.25
Anabas testudineus,11.08,3.19,0.29
Anabas testudineus,12.06,3.15,0.26
Anabas testudineus,13.42,3.02,0.22
Anabas testudineus,9.32,3.26,0.35
Anabas testudineus,8.69,3.2,0.37
Anabas testudineus,8.84,3.08,0.35
Anabas testudineus,13.83,3.2,0.23
Anabas testudineus,13.02,3.22,0.25
Anabas testudineus,13.64,3.28,0.24
Anabas testudineus,14.1,3.2,0.23
Anabas testudineus,8.76,2.98,0.34
Anabas testudineus,9.55,3.21,0.34
Anabas testudineus,12.24,3.2,0.26
Anabas testudineus,11.6,3.27,0.28
Anabas testudineus,10.31,3.24,0.31
Anabas testudineus,13.88,3.24,0.23
Anabas testudineus,8.67,3.09,0.36
Anabas testudineus,10.26,2.88,0.28
Anabas testudineus,9.48,3.06,0.32
Anabas testudineus,11.69,3.15,0.27
Anabas testudineus,11.6,3.13,0.27
Anabas testudineus,12.5,2.99,0.24
Anabas testudineus,11.86,3.15,0.27
Anabas testudineus,11.91,3.19,0.27
Anabas testudineus,14.12,3.27,0.23
Anabas testudineus,9.27,3.06,0.33
Anabas testudineus,11.3,3.21,0.28
Anabas testudineus,10.48,3.22,0.31
Anabas testudineus,10.5,2.94,0.28
Anabas testudineus,8.89,3.26,0.37
Anabas testudineus,12.34,3.3,0.27
Anabas testudineus,10.34,3.12,0.3
Anabas testudineus,12.08,3.1,0.26
Anabas testudineus,11.04,2.96,0.27
Anabas testudineus,8.34,2.98,0.36
Anabas testudineus,11.41,3.13,0.27
Anabas testudineus,14.98,3.34,0.22
Anabas testudineus,12.06,3.24,0.27
Anabas testudineus,10.54,3.05,0.29
Anabas testudineus,13.36,3.37,0.25
Anabas testudineus,15.45,3.13,0.2
Anabas testudineus,10.56,3.22,0.3
Anabas testudineus,14.51,3.42,0.24
Anabas testudineus,10.52,3.25,0.31
Anabas testudineus,11.11,3.25,0.29
Anabas testudineus,9.98,3.2,0.32
Anabas testudineus,9.35,3.32,0.36
Anabas testudineus,10.52,3.24,0.31
Anabas testudineus,10.94,3.07,0.28
Anabas testudineus,9.95,3.2,0.32
Anabas testudineus,12.97,3.01,0.23
Anabas testudineus,13.13,3.15,0.24
Anabas testudineus,12.14,3.18,0.26
Anabas testudineus,10.88,2.97,0.27
Anabas testudineus,13.96,3.28,0.24
Anabas testudineus,11.6,3.16,0.27
Anabas testudineus,12.88,3.37,0.26
Anabas testudineus,13.46,3.55,0.26
Anabas testudineus,14.74,3.29,0.22
Anabas testudineus,10.11,3.25,0.32
Anabas testudineus,13.06,3.1,0.24
Anabas testudineus,13.03,3.21,0.25
Anabas testudineus,9.94,3.08,0.31
Anabas testudineus,10.33,2.97,0.29
Anabas testudineus,9.28,3.24,0.35
Anabas testudineus,11.52,3.02,0.26
Anabas testudineus,9.77,2.94,0.3
Anabas testudineus,8.93,3.29,0.37
Anabas testudineus,8.84,3.1,0.35
Anabas testudineus,10.13,3.14,0.31
Anabas testudineus,12.11,3.22,0.27
Anabas testudineus,10.79,3.17,0.29
Anabas testudineus,9.77,3.01,0.31
Anabas testudineus,7.79,3.05,0.39
Anabas testudineus,10.05,3.02,0.3
Anabas testudineus,9.81,3.21,0.33
Anabas testudineus,10.91,2.97,0.27
Anabas testudineus,9.16,3.17,0.35
Anabas testudineus,15.36,3.33,0.22
Anabas testudineus,10.24,3.5,0.34
Anabas testudineus,8.4,3.1,0.37
Anabas testudineus,9.05,3.2,0.35
Anabas testudineus,9.54,3.15,0.33
Anabas testudineus,7.84,3.09,0.39
Anabas testudineus,10.73,3.14,0.29
Anabas testudineus,11.42,3.21,0.28
Anabas testudineus,13.18,3.08,0.23
Anabas testudineus,12.31,3.23,0.26
Anabas testudineus,12.49,3.12,0.25
Anabas testudineus,14.68,3.44,0.23
Anabas testudineus,10.01,3.29,0.33
Anabas testudineus,11.82,3.14,0.27
Anabas testudineus,12.92,3.12,0.24
Anabas testudineus,11.32,3.27,0.29
Anabas testudineus,10.06,3.09,0.31
Anabas testudineus,10.82,3.15,0.29
Anabas testudineus,12.87,3.26,0.25
Anabas testudineus,10.66,3.04,0.29
Anabas testudineus,11.97,3.03,0.25
Anabas testudineus,13.28,3.28,0.25
Anabas testudineus,9.85,3.14,0.32
Anabas testudineus,9.54,3.15,0.33
Anabas testudineus,12.09,3.17,0.26
Anabas testudineus,10.95,3.17,0.29
Anabas testudineus,9.99,3.09,0.31
Anabas testudineus,9.45,3.13,0.33
Anabas testudineus,15.04,3.2,0.21
Anabas testudineus,10.93,3.08,0.28
Anabas testudineus,10.8,3.16,0.29
Anabas testudineus,9.71,3.19,0.33
Anabas testudineus,11.91,3.22,0.27
Anabas testudineus,10.53,3.14,0.3
Anabas testudineus,9.2,3.15,0.34
Anabas testudineus,13.0,3.32,0.26
Anabas testudineus,10.72,3.08,0.29
Anabas testudineus,11.88,3.42,0.29
Anabas testudineus,12.08,3.25,0.27
Anabas testudineus,9.72,3.27,0.34
Anabas testudineus,11.74,3.22,0.27
Anabas testudineus,12.87,3.19,0.25
Anabas testudineus,13.46,3.29,0.24
Anabas testudineus,10.51,3.26,0.31
Anabas testudineus,12.33,3.29,0.27
Anabas testudineus,13.4,3.08,0.23
Anabas testudineus,12.67,3.22,0.25
Anabas testudineus,8.76,3.2,0.36
Anabas testudineus,10.47,3.19,0.3
Anabas testudineus,12.29,3.02,0.25
Anabas testudineus,9.23,2.97,0.32
Anabas testudineus,10.2,2.9,0.28
Anabas testudineus,12.67,3.27,0.26
Anabas testudineus,10.0,3.13,0.31
Anabas testudineus,11.6,3.17,0.27
Anabas testudineus,10.79,3.18,0.29
Anabas testudineus,12.57,3.18,0.25
Anabas testudineus,12.34,3.11,0.25
Anabas testudineus,13.62,3.17,0.23
Anabas testudineus,10.58,3.14,0.3
Anabas testudineus,11.51,3.15,0.27
Anabas testudineus,9.39,3.19,0.34
Anabas testudineus,10.92,3.22,0.3
Anabas testudineus,10.79,3.13,0.29
Anabas testudineus,12.29,3.02,0.25
Anabas testudineus,15.01,3.13,0.21
Anabas testudineus,11.67,3.15,0.27
Anabas testudineus,10.29,3.19,0.31
Anabas testudineus,10.65,3.36,0.32
Anabas testudineus,13.92,3.17,0.23
Anabas testudineus,12.54,3.17,0.25
Anabas testudineus,11.73,3.21,0.27
Anabas testudineus,9.99,2.94,0.29
Anabas testudineus,15.59,3.08,0.2
Anabas testudineus,10.64,3.08,0.29
Anabas testudineus,8.61,3.23,0.38
Anabas testudineus,11.1,3.06,0.28
Anabas testudineus,11.46,2.99,0.26
Anabas testudineus,10.16,3.08,0.3
Anabas testudineus,10.8,3.23,0.3
Anabas testudineus,11.31,3.14,0.28
Anabas testudineus,12.45,3.11,0.25
Anabas testudineus,13.37,3.19,0.24
Anabas testudineus,7.72,3.05,0.4
Anabas testudineus,11.81,2.93,0.25
Anabas testudineus,14.16,3.45,0.24
Anabas testudineus,10.4,3.11,0.3
Anabas testudineus,14.29,3.21,0.22
Anabas testudineus,10.39,3.13,0.3
Anabas testudineus,12.15,2.97,0.24
Anabas testudineus,14.4,3.57,0.25
Anabas testudineus,9.98,3.18,0.32
Anabas testudineus,14.89,3.37,0.23
Anabas testudineus,10.11,3.12,0.31
Anabas testudineus,15.33,3.21,0.21
Anabas testudineus,11.85,3.23,0.27
Anabas testudineus,15.44,3.37,0.22
Anabas testudineus,8.08,3.07,0.38
Anabas testudineus,12.67,3.21,0.25
Anabas testudineus,9.94,3.39,0.34
Anabas testudineus,9.55,3.25,0.34
Anabas testudineus,14.39,3.24,0.23
Anabas testudineus,8.64,3.08,0.36
Anabas testudineus,11.33,3.39,0.3
Anabas testudineus,10.4,3.12,0.3
Anabas testudineus,8.83,2.91,0.33
Anabas testudineus,8.23,3.09,0.38
Anabas testudineus,14.1,3.02,0.21
Anabas testudineus,9.55,2.86,0.3
Anabas testudineus,12.28,3.29,0.27
Anabas testudineus,8.68,3.24,0.37
Anabas testudineus,10.75,3.08,0.29
Anabas testudineus,10.79,3.21,0.3
Anabas testudineus,11.46,3.19,0.28
Anabas testudineus,12.45,3.22,0.26
Anabas testudineus,11.79,3.2,0.27
Anabas testudineus,14.47,3.26,0.22
Anabas testudineus,13.23,3.15,0.24
Anabas testudineus,10.7,3.21,0.3
Anabas testudineus,12.56,3.27,0.26
Anabas testudineus,10.02,3.12,0.31
Anabas testudineus,13.41,3.2,0.24
Coilia dussumieri,18.99,2.6,0.14
Coilia dussumieri,19.9,3.03,0.15
Coilia dussumieri,19.39,2.65,0.14
Coilia dussumieri,15.21,2.99,0.2
Coilia dussumieri,16.38,2.79,0.17
Coilia dussumieri,17.16,2.94,0.17
Coilia dussumieri,16.18,2.65,0.16
Coilia dussumieri,16.26,2.88,0.18
Coilia dussumieri,17.56,2.84,0.16
Coilia dussumieri,17.61,2.68,0.15
Coilia dussumieri,16.04,2.77,0.17
Coilia dussumieri,17.21,2.9,0.17
Coilia dussumieri,16.24,2.63,0.16
Coilia dussumieri,18.07,2.62,0.14
Coilia dussumieri,14.86,3.09,0.21
Coilia dussumieri,17.89,2.7,0.15
Coilia dussumieri,19.6,2.85,0.15
Coilia dussumieri,15.23,2.78,0.18
Coilia dussumieri,19.81,3.05,0.15
Coilia dussumieri,18.64,2.71,0.15
Coilia dussumieri,15.5,2.77,0.18
Coilia dussumieri,17.33,2.83,0.16
Coilia dussumieri,16.03,2.85,0.18
Coilia dussumieri,17.49,3.11,0.18
Coilia dussumieri,17.38,2.86,0.16
Coilia dussumieri,19.15,2.74,0.14
Coilia dussumieri,19.02,2.96,0.16
Coilia dussumieri,17.95,2.99,0.17
Coilia dussumieri,17.07,3.12,0.18
Coilia dussumieri,17.51,2.6,0.15
Coilia dussumieri,20.21,2.9,0.14
Coilia dussumieri,18.88,3.04,0.16
Coilia dussumieri,15.33,2.91,0.19
Coilia dussumieri,17.02,2.85,0.17
Coilia dussumieri,16.54,2.73,0.17
Coilia dussumieri,17.64,2.89,0.16
Coilia dussumieri,16.27,2.95,0.18
Coilia dussumieri,17.82,2.79,0.16
Coilia dussumieri,17.39,2.94,0.17
Coilia dussumieri,18.48,2.81,0.15
Coilia dussumieri,15.57,2.78,0.18
Coilia dussumieri,18.47,3.02,0.16
Coilia dussumieri,15.89,2.78,0.17
Coilia dussumieri,19.19,2.74,0.14
Coilia dussumieri,16.87,2.99,0.18
Coilia dussumieri,16.09,2.74,0.17
Coilia dussumieri,18.21,2.8,0.15
Coilia dussumieri,14.71,2.58,0.18
Coilia dussumieri,16.35,2.82,0.17
Coilia dussumieri,15.42,2.94,0.19
Coilia dussumieri,15.99,2.95,0.18
Coilia dussumieri,15.05,2.86,0.19
Coilia dussumieri,17.86,3.03,0.17
Coilia dussumieri,19.43,3.16,0.16
Coilia dussumieri,19.35,2.8,0.14
Coilia dussumieri,17.39,2.92,0.17
Coilia dussumieri,18.37,2.64,0.14
Coilia dussumieri,18.24,2.74,0.15
Coilia dussumieri,16.19,2.86,0.18
Coilia dussumieri,19.28,2.79,0.14
Coilia dussumieri,14.67,2.72,0.19
Coilia dussumieri,15.57,2.92,0.19
Coilia dussumieri,18.92,3.14,0.17
Coilia dussumieri,17.46,2.87,0.16
Coilia dussumieri,14.87,2.75,0.18
Coilia dussumieri,17.55,2.88,0.16
Coilia dussumieri,16.49,2.9,0.18
Coilia dussumieri,14.04,2.77,0.2
Coilia dussumieri,16.28,2.97,0.18
Coilia dussumieri,19.41,2.99,0.15
Coilia dussumieri,17.32,2.44,0.14
Coilia dussumieri,18.93,2.84,0.15
Coilia dussumieri,15.95,2.98,0.19
Coilia dussumieri,13.8,2.89,0.21
Coilia dussumieri,20.78,3.08,0.15
Coilia dussumieri,14.63,2.9,0.2
Coilia dussumieri,13.73,2.53,0.18
Coilia dussumieri,15.24,2.7,0.18
Coilia dussumieri,17.85,2.78,0.16
Coilia dussumieri,18.0,3.33,0.18
Coilia dussumieri,19.51,2.58,0.13
Coilia dussumieri,15.88,2.84,0.18
Coilia dussumieri,19.06,2.7,0.14
Coilia dussumieri,16.63,3.17,0.19
Coilia dussumieri,16.22,3.01,0.19
Coilia dussumieri,16.25,3.15,0.19
Coilia dussumieri,18.43,2.74,0.15
Coilia dussumieri,18.05,2.93,0.16
Coilia dussumieri,17.54,2.85,0.16
Coilia dussumieri,17.03,2.93,0.17
Coilia dussumieri,17.87,3.0,0.17
Coilia dussumieri,17.97,2.64,0.15
Coilia dussumieri,14.14,2.87,0.2
Coilia dussumieri,20.07,2.85,0.14
Coilia dussumieri,19.35,2.81,0.14
Coilia dussumieri,19.75,3.01,0.15
Coilia dussumieri,15.05,3.06,0.2
Coilia dussumieri,20.63,3.22,0.16
Coilia dussumieri,18.55,2.67,0.14
Coilia dussumieri,14.58,2.84,0.19
Coilia dussumieri,17.98,2.84,0.16
Coilia dussumieri,16.05,2.85,0.18
Coilia dussumieri,20.04,2.85,0.14
Coilia dussumieri,17.73,2.8,0.16
Coilia dussumieri,13.72,2.46,0.18
Coilia dussumieri,14.1,2.68,0.19
Coilia dussumieri,15.94,2.66,0.17
Coilia dussumieri,17.92,2.84,0.16
Coilia dussumieri,19.68,3.05,0.15
Coilia dussumieri,17.23,2.92,0.17
Coilia dussumieri,15.68,3.09,0.2
Coilia dussumieri,18.63,2.85,0.15
Coilia dussumieri,19.68,3.12,0.16
Coilia dussumieri,15.88,2.7,0.17
Coilia dussumieri,19.97,2.92,0.15
Coilia dussumieri,19.31,3.08,0.16
Coilia dussumieri,17.34,3.08,0.18
Coilia dussumieri,16.95,2.8,0.17
Coilia dussumieri,16.93,2.96,0.18
Coilia dussumieri,17.54,2.85,0.16
Coilia dussumieri,16.23,2.92,0.18
Coilia dussumieri,16.13,2.84,0.18
Coilia dussumieri,15.08,2.54,0.17
Coilia dussumieri,18.06,2.81,0.16
Coilia dussumieri,17.11,3.0,0.18
Coilia dussumieri,16.2,3.24,0.2
Coilia dussumieri,16.69,2.6,0.16
Coilia dussumieri,19.12,2.98,0.16
Coilia dussumieri,15.85,2.98,0.19
Coilia dussumieri,17.53,2.99,0.17
Coilia dussumieri,17.77,2.79,0.16
Coilia dussumieri,16.85,2.96,0.18
Coilia dussumieri,17.81,2.96,0.17
Coilia dussumieri,19.09,2.91,0.15
Coilia dussumieri,17.37,2.83,0.16
Coilia dussumieri,16.16,2.83,0.18
Coilia dussumieri,14.58,3.23,0.22
Coilia dussumieri,17.81,3.22,0.18
Coilia dussumieri,17.7,2.71,0.15
Coilia dussumieri,17.6,2.86,0.16
Coilia dussumieri,13.77,2.97,0.22
Coilia dussumieri,17.78,2.87,0.16
Coilia dussumieri,16.41,2.86,0.17
Coilia dussumieri,18.44,2.71,0.15
Coilia dussumieri,16.93,2.83,0.17
Coilia dussumieri,18.18,2.83,0.16
Coilia dussumieri,16.1,2.82,0.18
Coilia dussumieri,17.76,2.97,0.17
Coilia dussumieri,13.69,2.9,0.21
Coilia dussumieri,17.88,2.65,0.15
Coilia dussumieri,14.92,2.82,0.19
Coilia dussumieri,20.45,2.82,0.14
Coilia dussumieri,17.43,2.92,0.17
Coilia dussumieri,16.37,3.06,0.19
Coilia dussumieri,15.34,2.75,0.18
Coilia dussumieri,16.91,2.98,0.18
Coilia dussumieri,16.89,2.87,0.17
Coilia dussumieri,15.84,2.94,0.19
Coilia dussumieri,15.68,2.69,0.17
Coilia dussumieri,15.89,2.59,0.16
Coilia dussumieri,13.98,2.88,0.21
Coilia dussumieri,17.19,2.5,0.15
Coilia dussumieri,18.74,3.03,0.16
Coilia dussumieri,16.51,2.94,0.18
Coilia dussumieri,15.95,2.99,0.19
Coilia dussumieri,19.27,3.11,0.16
Coilia dussumieri,18.47,2.75,0.15
Coilia dussumieri,18.32,3.22,0.18
Coilia dussumieri,14.91,2.61,0.18
Coilia dussumieri,20.67,3.08,0.15
Coilia dussumieri,18.31,3.06,0.17
Coilia dussumieri,17.39,2.7,0.16
Coilia dussumieri,15.68,2.78,0.18
Coilia dussumieri,18.9,3.03,0.16
Coilia dussumieri,14.79,2.76,0.19
Coilia dussumieri,16.38,2.94,0.18
Coilia dussumieri,17.69,2.81,0.16
Coilia dussumieri,18.94,2.81,0.15
Coilia dussumieri,17.17,2.93,0.17
Coilia dussumieri,17.55,2.93,0.17
Coilia dussumieri,17.19,2.83,0.16
Coilia dussumieri,18.16,2.91,0.16
Coilia dussumieri,17.55,3.04,0.17
Coilia dussumieri,15.05,2.88,0.19
Coilia dussumieri,17.09,3.02,0.18
Coilia dussumieri,16.42,2.8,0.17
Coilia dussumieri,18.96,2.91,0.15
Coilia dussumieri,15.72,2.91,0.19
Coilia dussumieri,17.15,2.94,0.17
Coilia dussumieri,19.84,3.25,0.16
Coilia dussumieri,14.23,2.64,0.19
Coilia dussumieri,17.34,2.93,0.17
Coilia dussumieri,16.98,2.75,0.16
Coilia dussumieri,18.81,3.1,0.16
Coilia dussumieri,15.79,2.71,0.17
Coilia dussumieri,18.26,2.93,0.16
Coilia dussumieri,14.13,2.76,0.2
Coilia dussumieri,16.49,2.68,0.16
Coilia dussumieri,18.91,2.99,0.16
Coilia dussumieri,17.29,2.88,0.17
Coilia dussumieri,17.65,2.61,0.15
Coilia dussumieri,14.61,2.78,0.19
Coilia dussumieri,20.04,2.92,0.15
Coilia dussumieri,16.29,2.69,0.16
Coilia dussumieri,15.57,2.83,0.18
Coilia dussumieri,18.92,2.7,0.14
Coilia dussumieri,14.58,2.92,0.2
Coilia dussumieri,16.4,2.7,0.16
Coilia dussumieri,14.06,2.74,0.2
Coilia dussumieri,15.02,2.9,0.19
Coilia dussumieri,16.12,2.81,0.17
Coilia dussumieri,16.72,3.27,0.2
Coilia dussumieri,18.56,3.09,0.17
Coilia dussumieri,16.65,2.74,0.16
Coilia dussumieri,19.55,2.83,0.14
Otolithoides biauritus,12.72,2.96,0.23
Otolithoides biauritus,15.39,3.05,0.2
Otolithoides biauritus,13.52,3.04,0.22
Otolithoides biauritus,14.29,3.02,0.21
Otolithoides biauritus,15.73,3.15,0.2
Otolithoides biauritus,18.14,3.12,0.17
Otolithoides biauritus,12.83,2.97,0.23
Otolithoides biauritus,20.77,3.21,0.15
Otolithoides biauritus,13.29,3.07,0.23
Otolithoides biauritus,16.28,3.13,0.19
Otolithoides biauritus,14.48,3.0,0.21
Otolithoides biauritus,18.43,3.18,0.17
Otolithoides biauritus,16.16,3.12,0.19
Otolithoides biauritus,18.75,3.16,0.17
Otolithoides biauritus,13.98,3.08,0.22
Otolithoides biauritus,15.35,3.12,0.2
Otolithoides biauritus,18.92,3.29,0.17
Otolithoides biauritus,13.8,2.98,0.22
Otolithoides biauritus,13.41,3.01,0.22
Otolithoides biauritus,12.33,2.96,0.24
Otolithoides biauritus,17.61,3.16,0.18
Otolithoides biauritus,15.69,3.14,0.2
Otolithoides biauritus,14.39,3.02,0.21
Otolithoides biauritus,17.24,3.02,0.17
Otolithoides biauritus,16.17,3.21,0.2
Otolithoides biauritus,16.09,3.12,0.19
Otolithoides biauritus,17.22,3.05,0.18
Otolithoides biauritus,18.47,3.23,0.17
Otolithoides biauritus,16.48,3.2,0.19
Otolithoides biauritus,13.76,3.02,0.22
Otolithoides biauritus,15.48,3.09,0.2
Otolithoides biauritus,15.96,3.19,0.2
Otolithoides biauritus,13.09,3.03,0.23
Otolithoides biauritus,17.75,3.18,0.18
Otolithoides biauritus,14.24,3.02,0.21
Otolithoides biauritus,17.12,3.06,0.18
Otolithoides biauritus,17.17,3.14,0.18
Otolithoides biauritus,17.25,3.13,0.18
Otolithoides biauritus,20.52,3.32,0.16
Otolithoides biauritus,20.8,3.36,0.16
Otolithoides biauritus,17.7,3.19,0.18
Otolithoides biauritus,15.79,3.05,0.19
Otolithoides biauritus,19.28,3.18,0.17
Otolithoides biauritus,15.01,3.14,0.21
Otolithoides biauritus,17.09,3.07,0.18
Otolithoides biauritus,16.11,3.21,0.2
Otolithoides biauritus,16.27,3.06,0.19
Otolithoides biauritus,18.39,3.26,0.18
Otolithoides biauritus,17.76,3.2,0.18
Otolithoides biauritus,19.56,3.22,0.16
Otolithoides biauritus,17.23,3.18,0.18
Otolithoides biauritus,17.38,3.18,0.18
Otolithoides biauritus,13.79,3.03,0.22
Otolithoides biauritus,19.03,3.23,0.17
Otolithoides biauritus,20.89,3.22,0.15
Otolithoides biauritus,17.74,3.11,0.18
Otolithoides biauritus,15.4,3.11,0.2
Otolithoides biauritus,16.34,3.07,0.19
Otolithoides biauritus,18.98,3.27,0.17
Otolithoides biauritus,20.05,3.21,0.16
Otolithoides biauritus,18.03,3.17,0.18
Otolithoides biauritus,12.82,2.99,0.23
Otolithoides biauritus,16.31,3.15,0.19
Otolithoides biauritus,18.41,3.16,0.17
Otolithoides biauritus,16.23,3.19,0.2
Otolithoides biauritus,16.05,3.07,0.19
Otolithoides biauritus,16.14,3.18,0.2
Otolithoides biauritus,17.71,3.1,0.18
Otolithoides biauritus,18.78,3.22,0.17
Otolithoides biauritus,14.54,3.03,0.21
Otolithoides biauritus,16.98,3.15,0.19
Otolithoides biauritus,13.59,3.08,0.23
Otolithoides biauritus,15.85,3.13,0.2
Otolithoides biauritus,17.7,3.18,0.18
Otolithoides biauritus,16.4,3.2,0.2
Otolithoides biauritus,13.71,2.98,0.22
Otolithoides biauritus,19.57,3.3,0.17
Otolithoides biauritus,17.28,3.13,0.18
Otolithoides biauritus,16.87,3.13,0.19
Otolithoides biauritus,14.9,3.11,0.21
Otolithoides biauritus,15.37,3.06,0.2
Otolithoides biauritus,13.48,3.11,0.23
Otolithoides biauritus,15.98,3.12,0.2
Otolithoides biauritus,16.59,3.15,0.19
Otolithoides biauritus,15.89,3.15,0.2
Otolithoides biauritus,13.78,3.03,0.22
Otolithoides biauritus,18.95,3.21,0.17
Otolithoides biauritus,19.09,3.2,0.17
Otolithoides biauritus,16.54,3.09,0.19
Otolithoides biauritus,13.86,3.02,0.22
Otolithoides biauritus,18.43,3.21,0.17
Otolithoides biauritus,16.43,3.13,0.19
Otolithoides biauritus,16.25,3.05,0.19
Otolithoides biauritus,14.35,3.09,0.22
Otolithoides biauritus,17.21,3.16,0.18
Otolithoides biauritus,14.81,3.06,0.21
Otolithoides biauritus,19.46,3.23,0.17
Otolithoides biauritus,17.32,3.22,0.19
Otolithoides biauritus,11.59,2.97,0.26
Otolithoides biauritus,16.14,3.18,0.2
Otolithoides biauritus,15.49,3.15,0.2
Otolithoides biauritus,18.96,3.26,0.17
Otolithoides biauritus,19.2,3.23,0.17
Otolithoides biauritus,19.39,3.19,0.16
Otolithoides biauritus,14.2,3.05,0.21
Otolithoides biauritus,18.12,3.19,0.18
Otolithoides biauritus,17.36,3.23,0.19
Otolithoides biauritus,18.92,3.23,0.17
Otolithoides biauritus,16.0,3.05,0.19
Otolithoides biauritus,14.84,3.13,0.21
Otolithoides biauritus,13.91,2.94,0.21
Otolithoides biauritus,13.49,2.97,0.22
Otolithoides biauritus,16.31,3.06,0.19
Otolithoides biauritus,16.25,3.07,0.19
Otolithoides biauritus,18.13,3.21,0.18
Otolithoides biauritus,17.53,3.08,0.18
Otolithoides biauritus,12.44,3.0,0.24
Otolithoides biauritus,15.83,3.18,0.2
Otolithoides biauritus,13.38,2.97,0.22
Otolithoides biauritus,14.14,3.04,0.22
Otolithoides biauritus,18.31,3.16,0.17
Otolithoides biauritus,20.0,3.22,0.16
Otolithoides biauritus,17.14,3.16,0.18
Otolithoides biauritus,16.48,3.12,0.19
Otolithoides biauritus,19.2,3.11,0.16
Otolithoides biauritus,12.42,2.9,0.23
Otolithoides biauritus,15.38,2.96,0.19
Otolithoides biauritus,16.6,3.03,0.18
Otolithoides biauritus,17.67,3.18,0.18
Otolithoides biauritus,14.08,3.08,0.22
Otolithoides biauritus,13.86,3.02,0.22
Otolithoides biauritus,11.34,2.9,0.26
Otolithoides biauritus,13.15,3.03,0.23
Otolithoides biauritus,16.49,3.2,0.19
Otolithoides biauritus,16.43,3.19,0.19
Otolithoides biauritus,14.95,3.13,0.21
Otolithoides biauritus,17.61,3.15,0.18
Otolithoides biauritus,15.67,3.21,0.2
Otolithoides biauritus,13.17,3.05,0.23
Otolithoides biauritus,16.68,3.2,0.19
Otolithoides biauritus,16.55,3.0,0.18
Otolithoides biauritus,18.76,3.19,0.17
Otolithoides biauritus,16.57,3.11,0.19
Otolithoides biauritus,14.96,3.06,0.2
Otolithoides biauritus,14.26,2.98,0.21
Otolithoides biauritus,18.91,3.2,0.17
Otolithoides biauritus,17.77,3.11,0.18
Otolithoides biauritus,16.32,3.19,0.2
Otolithoides biauritus,13.46,2.98,0.22
Otolithoides biauritus,12.6,2.95,0.23
Otolithoides biauritus,16.45,3.14,0.19
Otolithoides biauritus,16.63,3.14,0.19
Otolithoides biauritus,17.42,3.02,0.17
Otolithoides biauritus,15.32,3.1,0.2
Otolithoides biauritus,11.35,2.96,0.26
Otolithoides biauritus,16.0,3.15,0.2
Otolithoides biauritus,16.9,3.04,0.18
Otolithoides biauritus,15.56,3.07,0.2
Otolithoides biauritus,18.56,3.21,0.17
Otolithoides biauritus,18.08,3.11,0.17
Otolithoides biauritus,17.78,3.21,0.18
Otolithoides biauritus,13.99,3.08,0.22
Otolithoides biauritus,19.83,3.28,0.17
Otolithoides biauritus,13.86,3.16,0.23
Otolithoides biauritus,12.91,3.01,0.23
Otolithoides biauritus,20.42,3.24,0.16
Otolithoides biauritus,16.7,3.14,0.19
Otolithoides biauritus,20.76,3.23,0.16
Otolithoides biauritus,14.73,2.98,0.2
Otolithoides biauritus,12.87,2.98,0.23
Otolithoides biauritus,13.01,3.07,0.24
Otolithoides biauritus,16.42,3.13,0.19
Otolithoides biauritus,11.8,2.95,0.25
Otolithoides biauritus,16.55,3.23,0.2
Otolithoides biauritus,13.82,3.07,0.22
Otolithoides biauritus,16.17,3.15,0.19
Otolithoides biauritus,15.18,3.05,0.2
Otolithoides biauritus,16.27,3.13,0.19
Otolithoides biauritus,15.47,3.16,0.2
Otolithoides biauritus,20.26,3.16,0.16
Otolithoides biauritus,17.38,3.16,0.18
Otolithoides biauritus,16.52,3.07,0.19
Otolithoides biauritus,12.94,2.97,0.23
Otolithoides biauritus,16.56,3.06,0.18
Otolithoides biauritus,16.75,3.16,0.19
Otolithoides biauritus,13.49,3.03,0.22
Otolithoides biauritus,12.19,3.01,0.25
Otolithoides biauritus,17.83,3.16,0.18
Otolithoides biauritus,15.27,3.15,0.21
Otolithoides biauritus,15.49,3.07,0.2
Otolithoides biauritus,16.24,3.06,0.19
Otolithoides biauritus,16.54,3.13,0.19
Otolithoides biauritus,16.38,3.18,0.19
Otolithoides biauritus,16.93,3.18,0.19
Otolithoides biauritus,18.6,3.21,0.17
Otolithoides biauritus,19.71,3.21,0.16
Otolithoides biauritus,11.21,2.96,0.26
Otolithoides biauritus,20.11,3.23,0.16
Otolithoides biauritus,18.57,3.21,0.17
Otolithoides biauritus,16.98,3.2,0.19
Otolithoides biauritus,18.12,3.18,0.18
Otolithoides biauritus,20.47,3.22,0.16
Otolithoides biauritus,14.64,2.99,0.2
Otolithoides biauritus,16.01,3.27,0.2
Otolithoides biauritus,16.77,3.14,0.19
Otolithoides biauritus,13.31,2.98,0.22
Otolithoides biauritus,14.29,3.06,0.21
Otolithoides biauritus,18.04,3.2,0.18
Otolithoides biauritus,20.43,3.2,0.16
Otolithoides biauritus,12.72,3.0,0.24
Otolithoides biauritus,14.98,3.12,0.21
Otolithoides biauritus,18.17,3.22,0.18
Otolithoides biauritus,17.99,3.24,0.18
Otolithoides biauritus,18.97,3.2,0.17
Otolithoides biauritus,13.05,3.0,0.23
Otolithoides biauritus,18.16,3.13,0.17
Otolithoides biauritus,15.56,3.12,0.2
Otolithoides biauritus,15.29,3.04,0.2
Otolithoides biauritus,15.82,3.11,0.2
Otolithoides biauritus,19.02,3.21,0.17
Otolithoides biauritus,16.66,3.2,0.19
Otolithoides biauritus,16.41,3.11,0.19
Otolithoides biauritus,16.81,3.08,0.18
Otolithoides biauritus,15.93,3.16,0.2
Otolithoides biauritus,15.37,3.06,0.2
Otolithoides biauritus,13.53,2.94,0.22
Otolithoides biauritus,12.65,3.03,0.24
Otolithoides biauritus,17.52,3.18,0.18
Otolithoides biauritus,17.34,3.13,0.18
Otolithoides biauritus,14.93,3.13,0.21
Otolithoides biauritus,15.05,3.09,0.21
Otolithoides biauritus,20.73,3.33,0.16
Otolithoides biauritus,14.5,3.1,0.21
Otolithoides biauritus,17.42,3.19,0.18
Otolithoides biauritus,15.63,3.08,0.2
Otolithoides biauritus,15.36,3.09,0.2
Otolithoides biauritus,17.28,3.18,0.18
Otolithoides biauritus,17.51,3.13,0.18
Otolithoides biauritus,14.83,3.01,0.2
Otolithoides biauritus,15.02,3.07,0.2
Otolithoides biauritus,16.86,3.14,0.19
Otolithoides biauritus,14.42,3.16,0.22
Otolithoides biauritus,19.67,3.17,0.16
Otolithoides biauritus,16.01,3.06,0.19
Otolithoides biauritus,15.41,3.1,0.2
Otolithoides biauritus,13.4,3.04,0.23
Otolithoides biauritus,12.1,2.98,0.25
Otolithoides biauritus,12.16,2.98,0.24
Otolithoides biauritus,17.54,3.19,0.18
Otolithoides biauritus,16.22,3.25,0.2
Otolithoides biauritus,15.8,3.11,0.2
Otolithoides biauritus,16.28,3.08,0.19
Otolithoides biauritus,17.1,3.17,0.19
Otolithoides biauritus,13.73,3.05,0.22
Otolithoides biauritus,12.83,2.97,0.23
Otolithoides biauritus,15.22,3.01,0.2
Otolithoides biauritus,16.83,3.16,0.19
Otolithoides biauritus,18.57,3.22,0.17
Otolithoides biauritus,21.33,3.3,0.15
Otolithoides biauritus,17.1,3.21,0.19
Otolithoides biauritus,12.97,2.97,0.23
Otolithoides biauritus,19.56,3.27,0.17
Otolithoides biauritus,14.33,2.96,0.21
Otolithoides biauritus,16.23,3.05,0.19
Otolithoides biauritus,15.16,3.13,0.21
Otolithoides biauritus,13.42,3.02,0.22
Otolithoides biauritus,16.18,3.17,0.2
Otolithoides biauritus,14.57,3.01,0.21
Otolithoides pama,18.16,3.06,0.17
Otolithoides pama,21.14,3.65,0.17
Otolithoides pama,19.81,3.19,0.16
Otolithoides pama,19.56,3.44,0.18
Otolithoides pama,19.61,2.97,0.15
Otolithoides pama,20.64,3.24,0.16
Otolithoides pama,19.82,2.68,0.14
Otolithoides pama,18.6,3.23,0.17
Otolithoides pama,19.2,3.25,0.17
Otolithoides pama,20.28,2.95,0.15
Otolithoides pama,21.17,3.68,0.17
Otolithoides pama,18.97,3.42,0.18
Otolithoides pama,19.05,3.42,0.18
Otolithoides pama,19.63,3.79,0.19
Otolithoides pama,21.54,3.22,0.15
Otolithoides pama,19.81,3.43,0.17
Otolithoides pama,22.59,3.32,0.15
Otolithoides pama,19.63,3.11,0.16
Otolithoides pama,20.67,3.61,0.17
Otolithoides pama,21.3,3.45,0.16
Otolithoides pama,17.87,3.02,0.17
Otolithoides pama,20.78,3.33,0.16
Otolithoides pama,20.61,3.34,0.16
Otolithoides pama,20.52,3.22,0.16
Otolithoides pama,22.87,2.88,0.13
Otolithoides pama,18.34,3.01,0.16
Otolithoides pama,20.43,3.45,0.17
Otolithoides pama,20.44,3.28,0.16
Otolithoides pama,20.4,3.12,0.15
Otolithoides pama,17.89,3.14,0.18
Otolithoides pama,20.14,3.05,0.15
Otolithoides pama,19.75,3.05,0.15
Otolithoides pama,20.58,2.87,0.14
Otolithoides pama,18.57,3.04,0.16
Otolithoides pama,19.3,3.5,0.18
Otolithoides pama,21.2,3.67,0.17
Otolithoides pama,19.63,3.43,0.17
Otolithoides pama,19.61,3.37,0.17
Otolithoides pama,20.46,3.27,0.16
Otolithoides pama,22.1,3.04,0.14
Otolithoides pama,19.1,3.28,0.17
Otolithoides pama,20.37,3.69,0.18
Otolithoides pama,21.9,3.75,0.17
Otolithoides pama,19.83,3.42,0.17
Otolithoides pama,19.59,3.07,0.16
Otolithoides pama,18.45,2.77,0.15
Otolithoides pama,18.09,3.22,0.18
Otolithoides pama,20.62,3.53,0.17
Otolithoides pama,21.95,3.4,0.15
Otolithoides pama,18.83,3.41,0.18
Otolithoides pama,20.58,3.54,0.17
Otolithoides pama,20.1,3.0,0.15
Otolithoides pama,19.07,3.6,0.19
Otolithoides pama,19.86,3.18,0.16
Otolithoides pama,21.85,3.2,0.15
Otolithoides pama,20.11,3.15,0.16
Otolithoides pama,19.44,3.47,0.18
Otolithoides pama,19.82,3.12,0.16
Otolithoides pama,19.46,3.27,0.17
Otolithoides pama,18.79,2.78,0.15
Otolithoides pama,21.76,3.51,0.16
Otolithoides pama,19.88,3.07,0.15
Otolithoides pama,19.82,3.31,0.17
Otolithoides pama,19.36,3.5,0.18
Otolithoides pama,18.78,3.06,0.16
Otolithoides pama,19.83,3.15,0.16
Otolithoides pama,21.24,2.97,0.14
Otolithoides pama,22.59,3.79,0.17
Otolithoides pama,20.94,3.18,0.15
Otolithoides pama,20.92,3.34,0.16
Otolithoides pama,20.96,3.11,0.15
Otolithoides pama,19.46,3.03,0.16
Otolithoides pama,22.3,3.45,0.15
Otolithoides pama,22.76,3.1,0.14
Otolithoides pama,18.66,3.31,0.18
Otolithoides pama,20.84,3.28,0.16
Otolithoides pama,19.9,3.61,0.18
Otolithoides pama,20.7,3.22,0.16
Otolithoides pama,20.0,3.33,0.17
Otolithoides pama,19.97,3.17,0.16
Otolithoides pama,21.85,3.43,0.16
Otolithoides pama,20.29,3.12,0.15
Otolithoides pama,20.57,3.6,0.17
Otolithoides pama,21.49,3.13,0.15
Otolithoides pama,20.6,3.41,0.17
Otolithoides pama,21.62,3.06,0.14
Otolithoides pama,20.28,3.16,0.16
Otolithoides pama,19.48,3.29,0.17
Otolithoides pama,18.77,2.79,0.15
Otolithoides pama,18.32,3.2,0.17
Otolithoides pama,21.38,3.29,0.15
Otolithoides pama,18.99,3.56,0.19
Otolithoides pama,19.56,3.29,0.17
Otolithoides pama,21.44,3.6,0.17
Otolithoides pama,22.77,3.32,0.15
Otolithoides pama,22.05,3.65,0.17
Otolithoides pama,19.95,3.06,0.15
Otolithoides pama,20.08,3.58,0.18
Otolithoides pama,21.09,3.52,0.17
Otolithoides pama,20.39,3.2,0.16
Otolithoides pama,19.58,3.44,0.18
Otolithoides pama,21.8,3.1,0.14
Otolithoides pama,17.92,3.42,0.19
Otolithoides pama,22.28,3.1,0.14
Otolithoides pama,20.76,3.07,0.15
Otolithoides pama,22.34,3.12,0.14
Otolithoides pama,19.6,3.49,0.18
Otolithoides pama,22.67,3.52,0.16
Otolithoides pama,21.8,3.37,0.15
Otolithoides pama,19.52,3.37,0.17
Otolithoides pama,20.0,3.31,0.17
Otolithoides pama,21.53,3.47,0.16
Otolithoides pama,20.58,3.04,0.15
Otolithoides pama,21.61,3.1,0.14
Otolithoides pama,20.26,3.51,0.17
Otolithoides pama,19.25,3.02,0.16
Otolithoides pama,20.13,3.63,0.18
Otolithoides pama,21.16,3.1,0.15
Otolithoides pama,19.42,3.44,0.18
Otolithoides pama,18.78,2.84,0.15
Otolithoides pama,20.35,3.59,0.18
Otolithoides pama,20.2,3.28,0.16
Otolithoides pama,19.59,3.25,0.17
Otolithoides pama,18.95,3.64,0.19
Otolithoides pama,20.78,3.24,0.16
Otolithoides pama,21.19,3.28,0.15
Otolithoides pama,21.35,3.53,0.17
Otolithoides pama,19.41,3.1,0.16
Otolithoides pama,19.43,3.05,0.16
Otolithoides pama,21.42,3.5,0.16
Otolithoides pama,22.31,3.18,0.14
Otolithoides pama,20.02,3.42,0.17
Otolithoides pama,18.86,3.25,0.17
Otolithoides pama,19.78,3.43,0.17
Otolithoides pama,20.85,3.32,0.16
Otolithoides pama,17.71,3.02,0.17
Otolithoides pama,18.3,3.2,0.17
Otolithoides pama,19.28,3.46,0.18
Otolithoides pama,20.06,3.08,0.15
Otolithoides pama,19.02,3.28,0.17
Otolithoides pama,19.8,3.36,0.17
Otolithoides pama,22.64,3.25,0.14
Otolithoides pama,17.99,3.31,0.18
Otolithoides pama,22.72,3.22,0.14
Otolithoides pama,19.57,2.8,0.14
Otolithoides pama,19.19,3.44,0.18
Otolithoides pama,22.81,3.27,0.14
Otolithoides pama,18.43,3.28,0.18
Otolithoides pama,18.72,3.03,0.16
Otolithoides pama,22.5,3.43,0.15
Otolithoides pama,21.46,3.03,0.14
Otolithoides pama,17.99,3.24,0.18
Otolithoides pama,21.57,3.46,0.16
Otolithoides pama,19.4,3.11,0.16
Otolithoides pama,21.72,3.5,0.16
Otolithoides pama,19.53,3.59,0.18
Otolithoides pama,20.47,3.61,0.18
Otolithoides pama,20.35,3.0,0.15
Otolithoides pama,21.4,3.56,0.17
Otolithoides pama,19.09,3.33,0.17
Otolithoides pama,19.53,3.62,0.19
Otolithoides pama,22.33,3.15,0.14
Otolithoides pama,20.21,3.23,0.16
Otolithoides pama,20.23,3.05,0.15
Otolithoides pama,18.94,3.14,0.17
Otolithoides pama,20.68,2.7,0.13
Otolithoides pama,20.03,3.26,0.16
Otolithoides pama,18.23,3.34,0.18
Otolithoides pama,18.56,3.03,0.16
Otolithoides pama,19.76,3.53,0.18
Otolithoides pama,19.82,2.88,0.15
Otolithoides pama,21.89,3.33,0.15
Otolithoides pama,18.47,3.24,0.18
Otolithoides pama,19.83,3.24,0.16
Otolithoides pama,21.26,2.86,0.13
Otolithoides pama,20.13,3.49,0.17
Otolithoides pama,19.11,3.05,0.16
Otolithoides pama,20.03,3.02,0.15
Otolithoides pama,18.05,2.79,0.15
Otolithoides pama,20.08,3.6,0.18
Otolithoides pama,18.72,3.21,0.17
Otolithoides pama,19.72,2.96,0.15
Otolithoides pama,22.2,3.52,0.16
Otolithoides pama,19.05,3.43,0.18
Otolithoides pama,18.24,3.44,0.19
Otolithoides pama,18.43,3.39,0.18
Otolithoides pama,19.64,3.06,0.16
Otolithoides pama,20.47,3.37,0.16
Otolithoides pama,18.95,3.62,0.19
Otolithoides pama,21.24,3.33,0.16
Otolithoides pama,19.08,2.87,0.15
Otolithoides pama,18.85,3.21,0.17
Otolithoides pama,21.51,3.42,0.16
Otolithoides pama,22.05,3.96,0.18
Otolithoides pama,21.85,3.32,0.15
Otolithoides pama,20.28,2.85,0.14
Otolithoides pama,20.13,2.86,0.14
Otolithoides pama,22.38,3.26,0.15
Otolithoides pama,20.27,3.27,0.16
Otolithoides pama,20.69,3.56,0.17
Otolithoides pama,22.26,3.33,0.15
Otolithoides pama,20.64,3.53,0.17
Otolithoides pama,21.28,3.5,0.16
Otolithoides pama,22.15,3.28,0.15
Otolithoides pama,21.21,3.62,0.17
Otolithoides pama,19.71,2.91,0.15
Otolithoides pama,19.6,3.0,0.15
Otolithoides pama,21.54,2.8,0.13
Otolithoides pama,20.51,3.38,0.16
Otolithoides pama,20.58,3.3,0.16
Otolithoides pama,19.91,3.65,0.18
Otolithoides pama,20.67,2.86,0.14
Otolithoides pama,19.95,2.87,0.14
Otolithoides pama,22.54,3.32,0.15
Otolithoides pama,21.45,3.16,0.15
Otolithoides pama,20.63,3.24,0.16
Otolithoides pama,19.56,3.35,0.17
Otolithoides pama,20.94,3.26,0.16
Otolithoides pama,21.63,3.31,0.15
Otolithoides pama,18.77,3.1,0.17
Otolithoides pama,20.16,3.37,0.17
Otolithoides pama,20.26,3.67,0.18
Otolithoides pama,20.57,3.44,0.17
Otolithoides pama,21.17,3.13,0.15
Otolithoides pama,19.98,3.55,0.18
Otolithoides pama,17.63,3.48,0.2
Otolithoides pama,22.05,3.06,0.14
Otolithoides pama,19.29,3.44,0.18
Otolithoides pama,21.26,3.42,0.16
Otolithoides pama,20.95,3.1,0.15
Otolithoides pama,20.38,3.19,0.16
Otolithoides pama,18.84,3.26,0.17
Otolithoides pama,20.23,3.61,0.18
Otolithoides pama,19.75,3.19,0.16
Otolithoides pama,20.96,3.2,0.15
Pethia conchonius,8.65,3.47,0.4
Pethia conchonius,9.12,3.44,0.38
Pethia conchonius,7.6,3.19,0.42
Pethia conchonius,8.82,3.12,0.35
Pethia conchonius,9.41,3.41,0.36
Pethia conchonius,8.06,3.42,0.42
Pethia conchonius,9.6,3.55,0.37
Pethia conchonius,8.74,3.3,0.38
Pethia conchonius,9.48,3.3,0.35
Pethia conchonius,8.57,3.4,0.4
Pethia conchonius,7.57,3.36,0.44
Pethia conchonius,10.1,3.13,0.31
Pethia conchonius,10.19,3.45,0.34
Pethia conchonius,10.22,3.17,0.31
Pethia conchonius,8.74,3.57,0.41
Pethia conchonius,9.25,3.56,0.38
Pethia conchonius,8.67,3.3,0.38
Pethia conchonius,8.78,3.34,0.38
Pethia conchonius,9.26,3.46,0.37
Pethia conchonius,9.23,3.42,0.37
Pethia conchonius,9.35,3.49,0.37
Pethia conchonius,9.54,3.42,0.36
Pethia conchonius,10.06,3.27,0.33
Pethia conchonius,9.2,3.45,0.38
Pethia conchonius,7.2,3.37,0.47
Pethia conchonius,9.17,3.57,0.39
Pethia conchonius,10.72,3.25,0.3
Pethia conchonius,8.58,3.23,0.38
Pethia conchonius,9.67,3.39,0.35
Pethia conchonius,8.66,3.48,0.4
Pethia conchonius,8.29,3.44,0.41
Pethia conchonius,8.82,3.44,0.39
Pethia conchonius,8.95,3.23,0.36
Pethia conchonius,8.58,3.38,0.39
Pethia conchonius,8.19,3.62,0.44
Pethia conchonius,8.6,3.52,0.41
Pethia conchonius,8.83,3.13,0.35
Pethia conchonius,9.1,3.26,0.36
Pethia conchonius,8.45,3.22,0.38
Pethia conchonius,9.33,3.27,0.35
Pethia conchonius,9.32,3.34,0.36
Pethia conchonius,9.86,3.35,0.34
Pethia conchonius,9.38,3.54,0.38
Pethia conchonius,9.61,3.32,0.35
Pethia conchonius,8.69,3.18,0.37
Pethia conchonius,7.9,3.12,0.39
Pethia conchonius,8.26,3.5,0.42
Pethia conchonius,10.49,3.34,0.32
Pethia conchonius,9.66,3.18,0.33
Pethia conchonius,8.15,3.44,0.42
Pethia conchonius,7.24,3.54,0.49
Pethia conchonius,7.92,3.5,0.44
Pethia conchonius,7.24,3.36,0.46
Pethia conchonius,10.08,3.33,0.33
Pethia conchonius,7.71,3.5,0.45
Pethia conchonius,7.76,3.19,0.41
Pethia conchonius,7.81,3.3,0.42
Pethia conchonius,9.12,3.24,0.36
Pethia conchonius,8.52,3.41,0.4
Pethia conchonius,10.92,3.53,0.32
Pethia conchonius,9.03,3.58,0.4
Pethia conchonius,10.17,3.16,0.31
Pethia conchonius,7.82,3.36,0.43
Pethia conchonius,8.42,3.85,0.46
Pethia conchonius,10.42,3.54,0.34
Pethia conchonius,10.29,3.12,0.3
Pethia conchonius,10.16,3.25,0.32
Pethia conchonius,9.45,3.33,0.35
Pethia conchonius,8.27,3.56,0.43
Pethia conchonius,9.49,3.58,0.38
Pethia conchonius,10.31,3.54,0.34
Pethia conchonius,10.27,3.4,0.33
Pethia conchonius,8.17,3.12,0.38
Pethia conchonius,8.69,3.32,0.38
Pethia conchonius,8.14,3.41,0.42
Pethia conchonius,7.89,3.22,0.41
Pethia conchonius,7.66,3.68,0.48
Pethia conchonius,8.05,3.3,0.41
Pethia conchonius,8.37,3.42,0.41
Pethia conchonius,9.25,3.27,0.35
Pethia conchonius,8.38,3.17,0.38
Pethia conchonius,7.71,3.68,0.48
Pethia conchonius,9.71,3.37,0.35
Pethia conchonius,8.0,3.36,0.42
Pethia conchonius,8.61,3.31,0.38
Pethia conchonius,8.29,3.37,0.41
Pethia conchonius,8.39,3.29,0.39
Pethia conchonius,7.65,3.47,0.45
Pethia conchonius,9.07,3.6,0.4
Pethia conchonius,9.02,3.57,0.4
Pethia conchonius,8.74,3.71,0.42
Pethia conchonius,10.04,3.68,0.37
Pethia conchonius,9.77,3.53,0.36
Pethia conchonius,9.27,3.25,0.35
Pethia conchonius,9.41,3.3,0.35
Pethia conchonius,10.1,3.37,0.33
Pethia conchonius,9.36,3.33,0.36
Pethia conchonius,8.32,3.5,0.42
Pethia conchonius,8.28,3.42,0.41
Pethia conchonius,8.61,3.43,0.4
Pethia conchonius,9.88,3.58,0.36
Pethia conchonius,8.18,3.25,0.4
Pethia conchonius,8.56,3.35,0.39
Pethia conchonius,7.98,3.27,0.41
Pethia conchonius,8.27,3.25,0.39
Pethia conchonius,8.71,3.29,0.38
Pethia conchonius,9.33,3.24,0.35
Pethia conchonius,10.32,3.46,0.34
Pethia conchonius,8.78,3.36,0.38
Pethia conchonius,8.36,3.36,0.4
Pethia conchonius,9.77,3.46,0.35
Pethia conchonius,10.25,3.76,0.37
Pethia conchonius,9.91,3.59,0.36
Pethia conchonius,7.51,3.18,0.42
Pethia conchonius,9.95,3.07,0.31
Pethia conchonius,8.41,3.09,0.37
Pethia conchonius,9.11,3.27,0.36
Pethia conchonius,7.89,3.17,0.4
Pethia conchonius,9.35,3.38,0.36
Pethia conchonius,10.02,3.22,0.32
Pethia conchonius,8.32,3.43,0.41
Pethia conchonius,8.79,3.07,0.35
Pethia conchonius,8.88,3.51,0.4
Pethia conchonius,9.33,3.24,0.35
Pethia conchonius,7.71,3.16,0.41
Pethia conchonius,9.27,3.15,0.34
Pethia conchonius,9.1,3.45,0.38
Pethia conchonius,9.53,3.52,0.37
Pethia conchonius,8.6,3.45,0.4
Pethia conchonius,7.65,3.49,0.46
Pethia conchonius,10.03,3.34,0.33
Pethia conchonius,9.56,3.33,0.35
Pethia conchonius,7.52,3.39,0.45
Pethia conchonius,10.41,3.38,0.32
Pethia conchonius,8.2,3.47,0.42
Pethia conchonius,9.82,3.14,0.32
Pethia conchonius,8.9,3.37,0.38
Pethia conchonius,7.68,3.37,0.44
Pethia conchonius,9.46,3.57,0.38
Pethia conchonius,9.61,3.39,0.35
Pethia conchonius,10.07,3.51,0.35
Pethia conchonius,8.96,3.38,0.38
Pethia conchonius,9.6,3.19,0.33
Pethia conchonius,10.33,3.46,0.33
Pethia conchonius,10.2,3.65,0.36
Pethia conchonius,9.6,3.29,0.34
Pethia conchonius,9.63,3.43,0.36
Pethia conchonius,9.08,3.3,0.36
Pethia conchonius,10.12,3.34,0.33
Pethia conchonius,9.16,3.17,0.35
Pethia conchonius,7.59,3.3,0.43
Pethia conchonius,9.29,3.34,0.36
Pethia conchonius,9.58,3.71,0.39
Pethia conchonius,7.34,3.31,0.45
Pethia conchonius,9.21,3.45,0.37
Pethia conchonius,8.43,3.53,0.42
Pethia conchonius,9.34,3.43,0.37
Pethia conchonius,10.64,3.51,0.33
Pethia conchonius,8.8,3.59,0.41
Pethia conchonius,9.13,3.42,0.37
Pethia conchonius,8.89,3.45,0.39
Pethia conchonius,7.88,3.24,0.41
Pethia conchonius,10.68,3.15,0.29
Pethia conchonius,10.08,3.22,0.32
Pethia conchonius,10.12,3.35,0.33
Pethia conchonius,9.47,3.37,0.36
Pethia conchonius,9.21,3.44,0.37
Pethia conchonius,7.64,3.35,0.44
Pethia conchonius,7.78,3.1,0.4
Pethia conchonius,8.64,3.3,0.38
Pethia conchonius,8.97,3.47,0.39
Pethia conchonius,8.52,3.47,0.41
Pethia conchonius,8.93,3.31,0.37
Pethia conchonius,9.46,3.54,0.37
Pethia conchonius,8.9,3.46,0.39
Pethia conchonius,9.46,3.38,0.36
Pethia conchonius,8.99,3.12,0.35
Pethia conchonius,8.67,3.28,0.38
Pethia conchonius,9.45,3.4,0.36
Pethia conchonius,8.54,3.07,0.36
Pethia conchonius,7.63,3.05,0.4
Pethia conchonius,9.9,3.64,0.37
Pethia conchonius,9.79,3.32,0.34
Pethia conchonius,8.47,3.35,0.4
Pethia conchonius,9.72,3.43,0.35
Pethia conchonius,9.34,3.65,0.39
Pethia conchonius,8.69,3.37,0.39
Pethia conchonius,9.37,3.28,0.35
Pethia conchonius,9.02,3.46,0.38
Pethia conchonius,7.38,3.41,0.46
Pethia conchonius,8.29,3.28,0.4
Pethia conchonius,7.86,3.24,0.41
Pethia conchonius,9.65,3.3,0.34
Pethia conchonius,9.42,3.76,0.4
Pethia conchonius,8.43,3.35,0.4
Pethia conchonius,10.54,3.37,0.32
Pethia conchonius,9.0,3.51,0.39
Pethia conchonius,9.13,3.43,0.38
Pethia conchonius,9.37,3.41,0.36
Pethia conchonius,7.64,3.43,0.45
Pethia conchonius,7.79,3.51,0.45
Pethia conchonius,7.75,3.28,0.42
Pethia conchonius,8.29,3.38,0.41
Pethia conchonius,7.79,3.08,0.39
Pethia conchonius,9.77,3.33,0.34
Pethia conchonius,7.84,3.23,0.41
Pethia conchonius,7.86,3.56,0.45
Pethia conchonius,7.81,3.39,0.43
Pethia conchonius,7.73,3.32,0.43
Pethia conchonius,9.6,3.37,0.35
Pethia conchonius,9.38,3.47,0.37
Pethia conchonius,8.83,3.49,0.4
Pethia conchonius,8.23,3.73,0.45
Pethia conchonius,8.97,3.37,0.38
Pethia conchonius,9.57,3.71,0.39
Pethia conchonius,9.73,3.55,0.36
Pethia conchonius,8.99,3.54,0.39
Pethia conchonius,8.68,3.55,0.41
Pethia conchonius,10.75,3.32,0.31
Pethia conchonius,8.41,3.46,0.41
Pethia conchonius,8.5,3.34,0.39
Pethia conchonius,7.11,3.47,0.49
Pethia conchonius,9.29,3.13,0.34
Pethia conchonius,9.72,3.43,0.35
Pethia conchonius,9.13,3.59,0.39
Pethia conchonius,8.6,3.43,0.4
Pethia conchonius,9.21,3.46,0.38
Pethia conchonius,8.56,3.32,0.39
Pethia conchonius,8.52,3.11,0.36
Pethia conchonius,10.8,3.15,0.29
Pethia conchonius,9.24,3.27,0.35
Pethia conchonius,10.5,3.42,0.33
Pethia conchonius,8.7,3.23,0.37
Pethia conchonius,8.87,3.38,0.38
Pethia conchonius,10.23,2.95,0.29
Pethia conchonius,9.3,3.43,0.37
Pethia conchonius,7.9,3.24,0.41
Pethia conchonius,9.66,3.64,0.38
Pethia conchonius,7.83,3.29,0.42
Pethia conchonius,9.24,3.35,0.36
Pethia conchonius,9.84,3.55,0.36
Pethia conchonius,8.89,3.53,0.4
Pethia conchonius,9.47,3.44,0.36
Pethia conchonius,9.98,3.16,0.32
Pethia conchonius,10.36,3.16,0.3
Pethia conchonius,8.76,3.36,0.38
Pethia conchonius,8.88,3.48,0.39
Pethia conchonius,9.12,3.53,0.39
Pethia conchonius,7.92,3.54,0.45
Pethia conchonius,8.51,3.29,0.39
Pethia conchonius,10.45,3.43,0.33
Pethia conchonius,9.08,3.37,0.37
Pethia conchonius,9.33,3.43,0.37
Pethia conchonius,9.44,3.38,0.36
Pethia conchonius,9.94,3.32,0.33
Pethia conchonius,9.01,3.52,0.39
Pethia conchonius,10.56,3.55,0.34
Pethia conchonius,9.38,3.43,0.37
Pethia conchonius,7.83,3.35,0.43
Pethia conchonius,10.3,3.27,0.32
Pethia conchonius,9.36,3.55,0.38
Pethia conchonius,7.21,3.45,0.48
Pethia conchonius,8.42,3.49,0.41
Pethia conchonius,10.24,3.49,0.34
Pethia conchonius,8.18,3.39,0.41
Pethia conchonius,9.38,3.03,0.32
Pethia conchonius,8.49,3.18,0.37
Pethia conchonius,9.33,3.5,0.38
Pethia conchonius,9.32,3.57,0.38
Pethia conchonius,8.22,3.29,0.4
Pethia conchonius,9.72,3.24,0.33
Pethia conchonius,9.16,3.35,0.37
Pethia conchonius,8.69,3.2,0.37
Pethia conchonius,9.54,3.48,0.36
Pethia conchonius,9.61,3.51,0.36
Polynemus paradiseus,13.9,3.3,0.24
Polynemus paradiseus,15.05,3.17,0.21
Polynemus paradiseus,13.06,3.2,0.24
Polynemus paradiseus,12.32,3.24,0.26
Polynemus paradiseus,11.7,3.27,0.28
Polynemus paradiseus,14.11,3.19,0.23
Polynemus paradiseus,13.64,3.62,0.27
Polynemus paradiseus,12.36,3.36,0.27
Polynemus paradiseus,16.26,3.58,0.22
Polynemus paradiseus,11.81,3.57,0.3
Polynemus paradiseus,15.19,3.16,0.21
Polynemus paradiseus,13.26,3.27,0.25
Polynemus paradiseus,13.01,3.25,0.25
Polynemus paradiseus,15.73,3.48,0.22
Polynemus paradiseus,11.72,3.03,0.26
Polynemus paradiseus,13.37,3.49,0.26
Polynemus paradiseus,14.36,3.29,0.23
Polynemus paradiseus,13.35,3.09,0.23
Polynemus paradiseus,13.42,3.21,0.24
Polynemus paradiseus,10.61,3.22,0.3
Polynemus paradiseus,13.09,3.33,0.25
Polynemus paradiseus,13.03,3.25,0.25
Polynemus paradiseus,12.05,3.05,0.25
Polynemus paradiseus,11.59,3.1,0.27
Polynemus paradiseus,15.21,3.49,0.23
Polynemus paradiseus,11.41,3.55,0.31
Polynemus paradiseus,14.43,3.5,0.24
Polynemus paradiseus,12.07,3.13,0.26
Polynemus paradiseus,9.98,3.24,0.32
Polynemus paradiseus,11.27,3.13,0.28
Polynemus paradiseus,15.5,3.14,0.2
Polynemus paradiseus,14.76,3.54,0.24
Polynemus paradiseus,11.79,3.08,0.26
Polynemus paradiseus,13.38,3.25,0.24
Polynemus paradiseus,11.98,3.24,0.27
Polynemus paradiseus,12.75,3.11,0.24
Polynemus paradiseus,12.8,3.37,0.26
Polynemus paradiseus,13.82,3.41,0.25
Polynemus paradiseus,15.65,3.1,0.2
Polynemus paradiseus,9.66,3.57,0.37
Polynemus paradiseus,15.21,3.19,0.21
Polynemus paradiseus,12.91,3.29,0.26
Polynemus paradiseus,13.61,3.31,0.24
Polynemus paradiseus,12.12,3.49,0.29
Polynemus paradiseus,10.27,3.43,0.33
Polynemus paradiseus,12.74,3.41,0.27
Polynemus paradiseus,15.71,3.32,0.21
Polynemus paradiseus,11.43,3.2,0.28
Polynemus paradiseus,12.72,3.28,0.26
Polynemus paradiseus,13.0,3.17,0.24
Polynemus paradiseus,13.36,3.48,0.26
Polynemus paradiseus,12.17,2.99,0.25
Polynemus paradiseus,13.72,3.18,0.23
Polynemus paradiseus,11.89,3.41,0.29
Polynemus paradiseus,13.68,3.43,0.25
Polynemus paradiseus,13.41,3.38,0.25
Polynemus paradiseus,13.07,3.2,0.24
Polynemus paradiseus,12.87,3.05,0.24
Polynemus paradiseus,15.29,3.07,0.2
Polynemus paradiseus,14.51,3.36,0.23
Polynemus paradiseus,14.37,3.65,0.25
Polynemus paradiseus,14.02,3.34,0.24
Polynemus paradiseus,11.29,3.6,0.32
Polynemus paradiseus,11.93,3.31,0.28
Polynemus paradiseus,15.56,2.92,0.19
Polynemus paradiseus,11.66,3.1,0.27
Polynemus paradiseus,13.88,3.29,0.24
Polynemus paradiseus,14.65,3.22,0.22
Polynemus paradiseus,14.84,3.39,0.23
Polynemus paradiseus,11.1,3.37,0.3
Polynemus paradiseus,12.69,3.28,0.26
Polynemus paradiseus,12.43,3.11,0.25
Polynemus paradiseus,10.99,3.0,0.27
Polynemus paradiseus,10.61,3.19,0.3
Polynemus paradiseus,10.2,3.13,0.31
Polynemus paradiseus,12.98,3.11,0.24
Polynemus paradiseus,14.21,3.1,0.22
Polynemus paradiseus,13.85,3.08,0.22
Polynemus paradiseus,11.51,3.46,0.3
Polynemus paradiseus,11.35,3.31,0.29
Polynemus paradiseus,13.85,3.01,0.22
Polynemus paradiseus,13.04,3.35,0.26
Polynemus paradiseus,12.79,3.63,0.28
Polynemus paradiseus,11.17,3.27,0.29
Polynemus paradiseus,13.99,3.37,0.24
Polynemus paradiseus,13.85,2.85,0.21
Polynemus paradiseus,13.53,3.48,0.26
Polynemus paradiseus,14.81,3.19,0.22
Polynemus paradiseus,13.32,2.98,0.22
Polynemus paradiseus,14.39,3.35,0.23
Polynemus paradiseus,12.56,3.17,0.25
Polynemus paradiseus,13.13,3.25,0.25
Polynemus paradiseus,12.05,3.14,0.26
Polynemus paradiseus,14.76,3.09,0.21
Polynemus paradiseus,13.44,3.13,0.23
Polynemus paradiseus,14.23,3.54,0.25
Polynemus paradiseus,13.18,3.53,0.27
Polynemus paradiseus,14.64,3.27,0.22
Polynemus paradiseus,15.22,3.35,0.22
Polynemus paradiseus,13.24,3.26,0.25
Polynemus paradiseus,12.38,3.39,0.27
Polynemus paradiseus,11.54,3.18,0.28
Polynemus paradiseus,16.97,3.4,0.2
Polynemus paradiseus,14.79,3.31,0.22
Polynemus paradiseus,10.24,3.24,0.32
Polynemus paradiseus,14.68,3.24,0.22
Polynemus paradiseus,12.31,3.15,0.26
Polynemus paradiseus,12.5,2.96,0.24
Polynemus paradiseus,13.52,3.37,0.25
Polynemus paradiseus,12.23,3.5,0.29
Polynemus paradiseus,13.54,3.1,0.23
Polynemus paradiseus,11.18,2.95,0.26
Polynemus paradiseus,11.73,3.35,0.29
Polynemus paradiseus,13.54,3.06,0.23
Polynemus paradiseus,15.35,3.5,0.23
Polynemus paradiseus,12.21,3.17,0.26
Polynemus paradiseus,13.11,3.53,0.27
Polynemus paradiseus,12.91,3.47,0.27
Polynemus paradiseus,15.65,3.64,0.23
Polynemus paradiseus,10.27,3.15,0.31
Polynemus paradiseus,12.47,3.05,0.24
Polynemus paradiseus,10.29,3.35,0.33
Polynemus paradiseus,13.38,3.07,0.23
Polynemus paradiseus,10.22,2.99,0.29
Polynemus paradiseus,13.97,3.11,0.22
Polynemus paradiseus,9.43,3.27,0.35
Polynemus paradiseus,11.81,3.13,0.26
Polynemus paradiseus,11.96,3.41,0.29
Polynemus paradiseus,13.17,3.24,0.25
Polynemus paradiseus,15.12,3.33,0.22
Polynemus paradiseus,13.23,3.36,0.25
Polynemus paradiseus,13.23,3.14,0.24
Polynemus paradiseus,14.29,3.28,0.23
Polynemus paradiseus,13.12,3.2,0.24
Polynemus paradiseus,12.07,3.22,0.27
Polynemus paradiseus,14.9,3.35,0.22
Polynemus paradiseus,15.47,3.26,0.21
Polynemus paradiseus,11.49,3.5,0.3
Polynemus paradiseus,13.34,2.95,0.22
Polynemus paradiseus,10.69,3.16,0.3
Polynemus paradiseus,10.54,3.38,0.32
Polynemus paradiseus,15.8,3.27,0.21
Polynemus paradiseus,12.48,3.15,0.25
Polynemus paradiseus,13.56,3.45,0.25
Polynemus paradiseus,11.69,3.02,0.26
Polynemus paradiseus,14.13,3.32,0.23
Polynemus paradiseus,16.11,3.29,0.2
Polynemus paradiseus,14.45,3.35,0.23
Polynemus paradiseus,14.91,3.29,0.22
Polynemus paradiseus,16.05,3.31,0.21
Polynemus paradiseus,15.75,3.39,0.22
Polynemus paradiseus,13.63,3.3,0.24
Polynemus paradiseus,11.41,3.28,0.29
Polynemus paradiseus,12.69,3.52,0.28
Polynemus paradiseus,13.49,3.3,0.24
Polynemus paradiseus,12.94,3.5,0.27
Polynemus paradiseus,13.06,3.1,0.24
Polynemus paradiseus,13.97,3.39,0.24
Polynemus paradiseus,11.76,3.23,0.27
Polynemus paradiseus,12.41,3.12,0.25
Polynemus paradiseus,15.42,3.18,0.21
Polynemus paradiseus,15.59,3.69,0.24
Polynemus paradiseus,14.23,3.38,0.24
Polynemus paradiseus,14.79,3.28,0.22
Polynemus paradiseus,11.24,3.2,0.28
Polynemus paradiseus,14.59,3.42,0.23
Polynemus paradiseus,12.93,3.33,0.26
Polynemus paradiseus,15.03,3.38,0.22
Polynemus paradiseus,13.14,3.33,0.25
Polynemus paradiseus,11.6,3.38,0.29
Polynemus paradiseus,14.83,3.4,0.23
Polynemus paradiseus,15.25,3.49,0.23
Polynemus paradiseus,13.96,3.42,0.25
Polynemus paradiseus,12.21,3.4,0.28
Polynemus paradiseus,11.39,3.1,0.27
Polynemus paradiseus,9.93,3.07,0.31
Polynemus paradiseus,10.2,2.95,0.29
Polynemus paradiseus,15.29,3.56,0.23
Polynemus paradiseus,11.73,3.08,0.26
Polynemus paradiseus,13.71,3.39,0.25
Polynemus paradiseus,12.04,3.05,0.25
Polynemus paradiseus,13.39,3.18,0.24
Polynemus paradiseus,11.85,3.35,0.28
Polynemus paradiseus,14.49,2.93,0.2
Polynemus paradiseus,13.16,3.35,0.25
Polynemus paradiseus,13.73,3.28,0.24
Polynemus paradiseus,11.98,3.23,0.27
Polynemus paradiseus,10.85,3.32,0.31
Polynemus paradiseus,13.97,3.41,0.24
Polynemus paradiseus,14.31,3.23,0.23
Polynemus paradiseus,14.0,3.52,0.25
Polynemus paradiseus,13.03,2.81,0.22
Polynemus paradiseus,13.3,3.49,0.26
Polynemus paradiseus,16.28,3.17,0.19
Polynemus paradiseus,14.38,3.04,0.21
Polynemus paradiseus,13.3,3.31,0.25
Polynemus paradiseus,14.95,3.36,0.22
Polynemus paradiseus,11.83,3.28,0.28
Polynemus paradiseus,13.98,3.2,0.23
Polynemus paradiseus,13.45,3.46,0.26
Polynemus paradiseus,10.88,3.35,0.31
Polynemus paradiseus,13.22,3.39,0.26
Polynemus paradiseus,12.86,3.23,0.25
Polynemus paradiseus,12.12,3.06,0.25
Polynemus paradiseus,11.68,3.26,0.28
Polynemus paradiseus,14.59,3.42,0.23
Polynemus paradiseus,11.3,2.77,0.24
Polynemus paradiseus,12.56,3.25,0.26
Polynemus paradiseus,13.82,3.23,0.23
Polynemus paradiseus,11.62,3.15,0.27
Polynemus paradiseus,11.29,3.22,0.28
Polynemus paradiseus,12.98,3.34,0.26
Polynemus paradiseus,13.14,3.01,0.23
Polynemus paradiseus,11.47,3.54,0.31
Polynemus paradiseus,11.21,3.56,0.32
Polynemus paradiseus,16.88,3.21,0.19
Polynemus paradiseus,15.17,3.1,0.2
Polynemus paradiseus,9.78,2.97,0.3
Polynemus paradiseus,12.41,3.06,0.25
Polynemus paradiseus,9.89,3.49,0.35
Polynemus paradiseus,14.21,3.05,0.21
Polynemus paradiseus,11.84,3.43,0.29
Polynemus paradiseus,13.48,3.01,0.22
Polynemus paradiseus,11.63,3.04,0.26
Polynemus paradiseus,14.54,3.39,0.23
Polynemus paradiseus,16.83,3.42,0.2
Polynemus paradiseus,14.88,3.22,0.22
Polynemus paradiseus,15.02,3.31,0.22
Polynemus paradiseus,16.68,3.5,0.21
Polynemus paradiseus,11.14,3.32,0.3
Polynemus paradiseus,11.5,3.14,0.27
Polynemus paradiseus,9.54,3.31,0.35
Polynemus paradiseus,15.35,3.19,0.21
Polynemus paradiseus,10.6,3.39,0.32
Polynemus paradiseus,12.89,3.39,0.26
Polynemus paradiseus,14.65,2.95,0.2
Polynemus paradiseus,11.13,3.37,0.3
Polynemus paradiseus,11.26,3.25,0.29
Polynemus paradiseus,12.33,3.35,0.27
Polynemus paradiseus,13.63,3.02,0.22
Polynemus paradiseus,10.83,3.11,0.29
Polynemus paradiseus,10.77,3.43,0.32
Polynemus paradiseus,13.72,3.24,0.24
Polynemus paradiseus,13.72,3.47,0.25
Polynemus paradiseus,13.21,3.37,0.25
Polynemus paradiseus,13.13,3.26,0.25
Polynemus paradiseus,10.65,3.11,0.29
Polynemus paradiseus,12.61,3.31,0.26
Polynemus paradiseus,14.48,3.08,0.21
Polynemus paradiseus,12.92,3.31,0.26
Polynemus paradiseus,14.66,3.55,0.24
Polynemus paradiseus,11.59,3.06,0.26
Polynemus paradiseus,11.67,3.25,0.28
Polynemus paradiseus,14.7,3.42,0.23
Polynemus paradiseus,13.69,3.34,0.24
Polynemus paradiseus,14.3,3.42,0.24
Polynemus paradiseus,12.47,3.29,0.26
Polynemus paradiseus,14.97,3.08,0.21
Puntius lateristriga,11.28,3.05,0.27
Puntius lateristriga,9.63,3.09,0.32
Puntius lateristriga,14.75,3.1,0.21
Puntius lateristriga,12.46,3.08,0.25
Puntius lateristriga,15.07,3.19,0.21
Puntius lateristriga,10.44,3.09,0.3
Puntius lateristriga,12.8,3.16,0.25
Puntius lateristriga,13.88,3.16,0.23
Puntius lateristriga,15.07,3.12,0.21
Puntius lateristriga,13.74,3.2,0.23
Puntius lateristriga,16.9,3.15,0.19
Puntius lateristriga,15.0,3.18,0.21
Puntius lateristriga,10.5,3.15,0.3
Puntius lateristriga,11.43,3.11,0.27
Puntius lateristriga,12.12,3.13,0.26
Puntius lateristriga,10.74,3.09,0.29
Puntius lateristriga,11.4,3.01,0.26
Puntius lateristriga,15.63,3.13,0.2
Puntius lateristriga,14.13,3.14,0.22
Puntius lateristriga,16.11,3.17,0.2
Puntius lateristriga,11.45,3.08,0.27
Puntius lateristriga,14.93,3.15,0.21
Puntius lateristriga,15.15,3.16,0.21
Puntius lateristriga,11.62,3.11,0.27
Puntius lateristriga,11.33,3.11,0.27
Puntius lateristriga,11.86,3.14,0.26
Puntius lateristriga,11.12,3.07,0.28
Puntius lateristriga,12.96,3.18,0.25
Puntius lateristriga,10.24,3.06,0.3
Puntius lateristriga,10.84,3.05,0.28
Puntius lateristriga,13.36,3.13,0.23
Puntius lateristriga,16.04,3.22,0.2
Puntius lateristriga,10.59,2.98,0.28
Puntius lateristriga,13.89,3.11,0.22
Puntius lateristriga,17.88,3.14,0.18
Puntius lateristriga,13.56,3.17,0.23
Puntius lateristriga,8.86,3.07,0.35
Puntius lateristriga,12.57,3.11,0.25
Puntius lateristriga,17.09,3.16,0.18
Puntius lateristriga,10.8,3.11,0.29
Puntius lateristriga,13.43,3.16,0.24
Puntius lateristriga,10.91,3.12,0.29
Puntius lateristriga,13.06,3.11,0.24
Puntius lateristriga,11.75,3.1,0.26
Puntius lateristriga,15.11,3.14,0.21
Puntius lateristriga,11.57,3.05,0.26
Puntius lateristriga,13.19,3.17,0.24
Puntius lateristriga,14.6,3.16,0.22
Puntius lateristriga,15.39,3.13,0.2
Puntius lateristriga,14.2,3.23,0.23
Puntius lateristriga,9.26,3.07,0.33
Puntius lateristriga,13.42,3.1,0.23
Puntius lateristriga,15.51,3.13,0.2
Puntius lateristriga,10.98,3.15,0.29
Puntius lateristriga,10.47,3.11,0.3
Puntius lateristriga,12.04,3.13,0.26
Puntius lateristriga,16.37,3.1,0.19
Puntius lateristriga,12.02,3.1,0.26
Puntius lateristriga,12.99,3.1,0.24
Puntius lateristriga,10.36,3.1,0.3
Puntius lateristriga,9.71,3.07,0.32
Puntius lateristriga,11.18,3.14,0.28
Puntius lateristriga,10.5,3.05,0.29
Puntius lateristriga,12.63,3.09,0.24
Puntius lateristriga,14.39,3.1,0.22
Puntius lateristriga,14.17,3.09,0.22
Puntius lateristriga,17.33,3.28,0.19
Puntius lateristriga,14.05,3.1,0.22
Puntius lateristriga,13.94,3.2,0.23
Puntius lateristriga,14.37,3.14,0.22
Puntius lateristriga,13.39,3.12,0.23
Puntius lateristriga,15.56,3.16,0.2
Puntius lateristriga,17.48,3.24,0.19
Puntius lateristriga,11.84,3.16,0.27
Puntius lateristriga,14.71,3.14,0.21
Puntius lateristriga,13.1,3.1,0.24
Puntius lateristriga,12.13,3.13,0.26
Puntius lateristriga,11.4,3.12,0.27
Puntius lateristriga,17.75,3.18,0.18
Puntius lateristriga,12.16,3.09,0.25
Puntius lateristriga,13.01,3.08,0.24
Puntius lateristriga,14.28,3.12,0.22
Puntius lateristriga,11.67,3.09,0.26
Puntius lateristriga,12.94,3.14,0.24
Puntius lateristriga,15.51,3.12,0.2
Puntius lateristriga,10.12,3.06,0.3
Puntius lateristriga,13.51,3.08,0.23
Puntius lateristriga,13.1,3.14,0.24
Puntius lateristriga,10.87,3.02,0.28
Puntius lateristriga,13.49,3.09,0.23
Puntius lateristriga,13.84,3.07,0.22
Puntius lateristriga,12.68,3.11,0.25
Puntius lateristriga,11.75,3.12,0.27
Puntius lateristriga,13.45,3.15,0.23
Puntius lateristriga,16.47,3.2,0.19
Puntius lateristriga,12.83,3.14,0.24
Puntius lateristriga,13.47,3.24,0.24
Puntius lateristriga,13.91,3.13,0.23
Puntius lateristriga,15.07,3.15,0.21
Puntius lateristriga,13.88,3.19,0.23
Puntius lateristriga,15.74,3.15,0.2
Puntius lateristriga,13.47,3.15,0.23
Puntius lateristriga,10.85,3.0,0.28
Puntius lateristriga,9.32,3.09,0.33
Puntius lateristriga,14.65,3.15,0.21
Puntius lateristriga,13.07,3.13,0.24
Puntius lateristriga,13.41,3.14,0.23
Puntius lateristriga,14.23,3.09,0.22
Puntius lateristriga,18.46,3.15,0.17
Puntius lateristriga,16.13,3.21,0.2
Puntius lateristriga,12.02,3.12,0.26
Puntius lateristriga,12.53,3.14,0.25
Puntius lateristriga,14.13,3.13,0.22
Puntius lateristriga,14.07,3.16,0.22
Puntius lateristriga,13.97,3.13,0.22
Puntius lateristriga,11.15,3.17,0.28
Puntius lateristriga,10.66,3.16,0.3
Puntius lateristriga,13.09,3.14,0.24
Puntius lateristriga,14.31,3.08,0.22
Puntius lateristriga,14.68,3.03,0.21
Puntius lateristriga,15.84,3.16,0.2
Puntius lateristriga,14.57,3.12,0.21
Puntius lateristriga,14.98,3.14,0.21
Puntius lateristriga,11.11,3.07,0.28
Puntius lateristriga,12.23,3.12,0.25
Puntius lateristriga,13.78,3.11,0.23
Puntius lateristriga,10.81,3.12,0.29
Puntius lateristriga,11.95,3.06,0.26
Puntius lateristriga,11.91,3.08,0.26
Puntius lateristriga,17.02,3.14,0.18
Puntius lateristriga,17.93,3.2,0.18
Puntius lateristriga,11.4,3.12,0.27
Puntius lateristriga,11.93,3.08,0.26
Puntius lateristriga,13.46,3.14,0.23
Puntius lateristriga,11.48,3.08,0.27
Puntius lateristriga,12.54,3.13,0.25
Puntius lateristriga,13.38,3.1,0.23
Puntius lateristriga,16.36,3.23,0.2
Puntius lateristriga,14.33,3.22,0.22
Puntius lateristriga,11.61,3.08,0.27
Puntius lateristriga,16.51,3.18,0.19
Puntius lateristriga,11.28,3.12,0.28
Puntius lateristriga,16.32,3.17,0.19
Puntius lateristriga,14.19,3.25,0.23
Puntius lateristriga,9.42,3.11,0.33
Puntius lateristriga,11.11,3.13,0.28
Puntius lateristriga,14.73,3.13,0.21
Puntius lateristriga,13.96,3.17,0.23
Puntius lateristriga,12.73,3.13,0.25
Puntius lateristriga,13.39,3.11,0.23
Puntius lateristriga,13.06,3.18,0.24
Puntius lateristriga,18.42,3.12,0.17
Puntius lateristriga,11.23,3.04,0.27
Puntius lateristriga,11.91,3.12,0.26
Puntius lateristriga,13.14,3.08,0.23
Puntius lateristriga,10.05,3.12,0.31
Puntius lateristriga,14.37,3.14,0.22
Puntius lateristriga,11.3,3.17,0.28
Puntius lateristriga,12.29,3.15,0.26
Puntius lateristriga,14.06,3.08,0.22
Puntius lateristriga,14.6,3.09,0.21
Puntius lateristriga,12.25,3.06,0.25
Puntius lateristriga,16.17,3.21,0.2
Puntius lateristriga,12.74,3.18,0.25
Puntius lateristriga,13.17,3.11,0.24
Puntius lateristriga,16.74,3.17,0.19
Puntius lateristriga,16.28,3.16,0.19
Puntius lateristriga,11.58,3.19,0.28
Puntius lateristriga,13.45,3.15,0.23
Puntius lateristriga,13.62,3.15,0.23
Puntius lateristriga,11.06,3.13,0.28
Puntius lateristriga,11.11,3.09,0.28
Puntius lateristriga,13.34,3.13,0.23
Puntius lateristriga,13.3,3.16,0.24
Puntius lateristriga,12.17,3.14,0.26
Puntius lateristriga,15.33,3.14,0.2
Puntius lateristriga,14.88,3.22,0.22
Puntius lateristriga,11.7,3.08,0.26
Puntius lateristriga,17.36,3.2,0.18
Puntius lateristriga,16.46,3.17,0.19
Puntius lateristriga,13.27,3.11,0.23
Puntius lateristriga,11.05,3.12,0.28
Puntius lateristriga,13.61,3.16,0.23
Puntius lateristriga,14.78,3.19,0.22
Puntius lateristriga,16.72,3.19,0.19
Puntius lateristriga,14.11,3.12,0.22
Puntius lateristriga,13.59,3.2,0.24
Puntius lateristriga,11.88,3.18,0.27
Puntius lateristriga,14.31,3.15,0.22
Puntius lateristriga,11.07,3.09,0.28
Puntius lateristriga,13.41,3.11,0.23
Puntius lateristriga,12.62,3.12,0.25
Puntius lateristriga,11.16,3.13,0.28
Puntius lateristriga,12.72,3.12,0.25
Puntius lateristriga,13.04,3.09,0.24
Puntius lateristriga,9.76,3.07,0.31
Puntius lateristriga,11.9,3.13,0.26
Puntius lateristriga,12.02,3.1,0.26
Puntius lateristriga,12.92,3.14,0.24
Puntius lateristriga,14.05,3.15,0.22
Puntius lateristriga,16.46,3.17,0.19
Puntius lateristriga,15.02,3.2,0.21
Puntius lateristriga,16.71,3.13,0.19
Puntius lateristriga,11.12,3.12,0.28
Puntius lateristriga,9.78,3.06,0.31
Puntius lateristriga,11.56,3.13,0.27
Puntius lateristriga,15.53,3.15,0.2
Puntius lateristriga,12.7,3.11,0.25
Puntius lateristriga,12.34,3.1,0.25
Puntius lateristriga,14.61,3.19,0.22
Puntius lateristriga,12.07,3.09,0.26
Puntius lateristriga,13.31,3.13,0.23
Puntius lateristriga,11.11,3.13,0.28
Puntius lateristriga,15.54,3.13,0.2
Puntius lateristriga,14.2,3.14,0.22
Puntius lateristriga,10.23,3.05,0.3
Puntius lateristriga,11.22,3.09,0.28
Puntius lateristriga,13.56,3.12,0.23
Setipinna taty,15.39,2.93,0.19
Setipinna taty,15.0,2.75,0.18
Setipinna taty,12.73,3.16,0.25
Setipinna taty,12.49,2.96,0.24
Setipinna taty,17.68,2.84,0.16
Setipinna taty,15.97,3.17,0.2
Setipinna taty,15.58,2.84,0.18
Setipinna taty,14.4,2.94,0.2
Setipinna taty,16.18,2.96,0.18
Setipinna taty,14.25,2.89,0.2
Setipinna taty,16.93,3.11,0.18
Setipinna taty,14.36,2.81,0.2
Setipinna taty,14.3,2.94,0.21
Setipinna taty,15.05,2.89,0.19
Setipinna taty,12.11,2.98,0.25
Setipinna taty,12.88,2.97,0.23
Setipinna taty,15.85,2.92,0.18
Setipinna taty,15.01,2.9,0.19
Setipinna taty,14.21,2.82,0.2
Setipinna taty,14.08,2.86,0.2
Setipinna taty,15.61,2.85,0.18
Setipinna taty,14.66,2.65,0.18
Setipinna taty,14.87,2.87,0.19
Setipinna taty,18.19,2.84,0.16
Setipinna taty,15.11,2.71,0.18
Setipinna taty,14.4,2.99,0.21
Setipinna taty,13.69,2.86,0.21
Setipinna taty,12.38,2.88,0.23
Setipinna taty,16.3,2.92,0.18
Setipinna taty,16.9,3.2,0.19
Setipinna taty,12.04,2.74,0.23
Setipinna taty,12.22,2.93,0.24
Setipinna taty,17.38,2.89,0.17
Setipinna taty,15.72,2.86,0.18
Setipinna taty,17.7,2.87,0.16
Setipinna taty,15.35,3.13,0.2
Setipinna taty,14.85,2.92,0.2
Setipinna taty,14.69,3.02,0.21
Setipinna taty,15.58,2.82,0.18
Setipinna taty,13.74,2.93,0.21
Setipinna taty,14.26,2.7,0.19
Setipinna taty,13.35,3.02,0.23
Setipinna taty,13.28,2.75,0.21
Setipinna taty,12.67,2.69,0.21
Setipinna taty,12.74,2.77,0.22
Setipinna taty,12.17,3.03,0.25
Setipinna taty,15.21,2.91,0.19
Setipinna taty,14.86,2.71,0.18
Setipinna taty,15.51,3.13,0.2
Setipinna taty,16.23,2.72,0.17
Setipinna taty,15.81,2.93,0.19
Setipinna taty,15.47,2.88,0.19
Setipinna taty,17.52,2.95,0.17
Setipinna taty,14.42,2.93,0.2
Setipinna taty,16.85,2.94,0.17
Setipinna taty,16.77,2.98,0.18
Setipinna taty,13.29,2.76,0.21
Setipinna taty,14.18,2.91,0.21
Setipinna taty,15.45,2.83,0.18
Setipinna taty,10.99,2.84,0.26
Setipinna taty,13.41,2.95,0.22
Setipinna taty,16.91,3.03,0.18
Setipinna taty,12.93,2.79,0.22
Setipinna taty,14.98,2.93,0.2
Setipinna taty,14.28,2.82,0.2
Setipinna taty,16.47,2.93,0.18
Setipinna taty,13.31,2.87,0.22
Setipinna taty,11.91,2.6,0.22
Setipinna taty,14.6,2.73,0.19
Setipinna taty,15.33,3.07,0.2
Setipinna taty,18.6,3.08,0.17
Setipinna taty,15.7,3.1,0.2
Setipinna taty,19.04,3.29,0.17
Setipinna taty,14.71,3.03,0.21
Setipinna taty,16.13,2.85,0.18
Setipinna taty,11.28,2.78,0.25
Setipinna taty,15.7,2.92,0.19
Setipinna taty,17.45,2.96,0.17
Setipinna taty,15.59,3.03,0.19
Setipinna taty,12.34,2.81,0.23
Setipinna taty,14.57,2.81,0.19
Setipinna taty,12.85,2.81,0.22
Setipinna taty,11.67,2.78,0.24
Setipinna taty,16.36,2.92,0.18
Setipinna taty,15.9,2.7,0.17
Setipinna taty,16.99,3.06,0.18
Setipinna taty,13.96,2.84,0.2
Setipinna taty,17.46,3.15,0.18
Setipinna taty,12.17,2.85,0.23
Setipinna taty,14.84,2.89,0.19
Setipinna taty,12.55,2.8,0.22
Setipinna taty,12.39,2.74,0.22
Setipinna taty,14.19,2.87,0.2
Setipinna taty,18.07,3.05,0.17
Setipinna taty,15.54,2.79,0.18
Setipinna taty,15.82,2.94,0.19
Setipinna taty,17.86,3.15,0.18
Setipinna taty,19.0,2.75,0.14
Setipinna taty,13.81,2.79,0.2
Setipinna taty,11.7,2.79,0.24
Setipinna taty,12.04,3.03,0.25
Setipinna taty,18.13,3.13,0.17
Setipinna taty,15.3,2.99,0.2
Setipinna taty,12.96,2.95,0.23
Setipinna taty,18.31,2.95,0.16
Setipinna taty,11.66,2.67,0.23
Setipinna taty,14.59,2.85,0.2
Setipinna taty,17.65,2.73,0.15
Setipinna taty,16.0,2.95,0.18
Setipinna taty,11.25,2.95,0.26
Setipinna taty,17.65,3.13,0.18
Setipinna taty,15.91,3.09,0.19
Setipinna taty,14.37,2.84,0.2
Setipinna taty,14.14,3.16,0.22
Setipinna taty,15.07,2.97,0.2
Setipinna taty,15.45,2.92,0.19
Setipinna taty,14.29,2.76,0.19
Setipinna taty,12.47,2.86,0.23
Setipinna taty,16.42,2.9,0.18
Setipinna taty,13.23,2.79,0.21
Setipinna taty,15.42,3.03,0.2
Setipinna taty,14.05,2.7,0.19
Setipinna taty,15.55,3.15,0.2
Setipinna taty,16.84,2.99,0.18
Setipinna taty,12.72,2.95,0.23
Setipinna taty,16.55,3.01,0.18
Setipinna taty,12.59,2.73,0.22
Setipinna taty,13.59,2.74,0.2
Setipinna taty,15.54,2.84,0.18
Setipinna taty,18.36,3.0,0.16
Setipinna taty,13.05,2.88,0.22
Setipinna taty,16.75,3.04,0.18
Setipinna taty,13.75,2.83,0.21
Setipinna taty,14.42,2.65,0.18
Setipinna taty,14.93,2.8,0.19
Setipinna taty,16.83,2.96,0.18
Setipinna taty,13.32,2.79,0.21
Setipinna taty,17.27,3.02,0.17
Setipinna taty,16.7,3.11,0.19
Setipinna taty,13.67,2.69,0.2
Setipinna taty,15.84,3.1,0.2
Setipinna taty,15.3,2.82,0.18
Setipinna taty,16.71,2.85,0.17
Setipinna taty,14.25,3.06,0.21
Setipinna taty,16.36,2.95,0.18
Setipinna taty,13.07,2.77,0.21
Setipinna taty,17.75,3.0,0.17
Setipinna taty,12.91,2.9,0.22
Setipinna taty,13.02,2.89,0.22
Setipinna taty,15.81,2.95,0.19
Setipinna taty,16.71,2.87,0.17
Setipinna taty,14.1,2.95,0.21
Setipinna taty,16.1,2.92,0.18
Setipinna taty,16.39,2.81,0.17
Setipinna taty,14.61,2.92,0.2
Setipinna taty,13.21,2.84,0.22
Setipinna taty,17.04,2.97,0.17
Setipinna taty,17.42,3.05,0.18
Setipinna taty,16.94,3.01,0.18
Setipinna taty,17.35,2.73,0.16
Setipinna taty,15.13,2.8,0.19
Setipinna taty,14.66,2.8,0.19
Setipinna taty,14.89,3.0,0.2
Setipinna taty,12.01,2.72,0.23
Setipinna taty,16.49,3.06,0.19
Setipinna taty,14.27,2.66,0.19
Setipinna taty,17.49,3.2,0.18
Setipinna taty,16.03,2.82,0.18
Setipinna taty,17.66,3.16,0.18
Setipinna taty,17.5,2.84,0.16
Setipinna taty,15.64,3.12,0.2
Setipinna taty,13.85,2.65,0.19
Setipinna taty,15.12,2.82,0.19
Setipinna taty,16.87,3.06,0.18
Setipinna taty,18.25,3.15,0.17
Setipinna taty,13.72,2.82,0.21
Setipinna taty,13.87,2.83,0.2
Setipinna taty,14.96,2.94,0.2
Setipinna taty,12.56,2.79,0.22
Setipinna taty,15.22,2.92,0.19
Setipinna taty,16.43,2.9,0.18
Setipinna taty,12.86,2.93,0.23
Setipinna taty,15.07,2.91,0.19
Setipinna taty,13.58,2.7,0.2
Setipinna taty,11.5,2.47,0.21
Setipinna taty,16.24,3.14,0.19
Setipinna taty,14.59,2.83,0.19
Setipinna taty,16.82,2.82,0.17
Setipinna taty,15.49,2.96,0.19
Setipinna taty,15.65,2.99,0.19
Setipinna taty,14.8,2.84,0.19
Setipinna taty,12.56,2.77,0.22
Setipinna taty,15.67,2.88,0.18
Setipinna taty,12.13,2.91,0.24
Setipinna taty,13.75,2.86,0.21
Setipinna taty,15.87,2.92,0.18
Setipinna taty,12.5,2.76,0.22
Setipinna taty,14.43,2.8,0.19
Setipinna taty,15.77,3.01,0.19
Setipinna taty,14.14,3.0,0.21
Setipinna taty,18.32,2.86,0.16
Setipinna taty,15.1,2.95,0.2
Setipinna taty,15.17,2.91,0.19
Setipinna taty,12.58,2.66,0.21
Setipinna taty,15.78,2.84,0.18
Setipinna taty,16.24,2.75,0.17
Setipinna taty,14.71,2.93,0.2
Setipinna taty,18.34,2.93,0.16
Setipinna taty,15.49,2.75,0.18
Setipinna taty,14.79,2.92,0.2
Setipinna taty,14.02,3.02,0.22
Setipinna taty,15.96,2.95,0.18
Setipinna taty,16.62,2.9,0.17
Setipinna taty,16.97,2.95,0.17
Setipinna taty,11.61,2.92,0.25
Setipinna taty,16.86,2.89,0.17
Setipinna taty,13.62,2.95,0.22
Setipinna taty,12.69,2.81,0.22
Setipinna taty,17.9,3.08,0.17
Setipinna taty,17.24,2.94,0.17
Setipinna taty,13.1,2.81,0.21
Setipinna taty,15.24,2.81,0.18
Setipinna taty,14.4,2.88,0.2
Setipinna taty,13.35,2.82,0.21
Setipinna taty,14.83,2.91,0.2
Setipinna taty,15.9,3.04,0.19
Setipinna taty,17.45,2.87,0.16
Setipinna taty,15.1,2.83,0.19
Setipinna taty,12.0,2.57,0.21
Setipinna taty,14.81,2.99,0.2
Setipinna taty,15.34,2.87,0.19
Setipinna taty,15.42,2.8,0.18
Setipinna taty,11.86,2.77,0.23
Setipinna taty,14.17,2.89,0.2
Setipinna taty,13.42,2.8,0.21
Setipinna taty,16.59,3.05,0.18
Setipinna taty,12.78,2.95,0.23
Setipinna taty,13.91,2.85,0.21
Setipinna taty,16.11,2.93,0.18
Setipinna taty,17.11,2.92,0.17
Setipinna taty,12.88,2.68,0.21
Setipinna taty,15.68,2.94,0.19
Setipinna taty,13.32,3.05,0.23
Setipinna taty,15.22,2.86,0.19
Setipinna taty,13.8,2.67,0.19
Setipinna taty,14.31,2.91,0.2
Setipinna taty,13.05,2.77,0.21
Setipinna taty,17.91,2.84,0.16
Setipinna taty,15.86,3.03,0.19
Setipinna taty,16.83,2.84,0.17
Setipinna taty,16.22,2.95,0.18
Setipinna taty,15.28,2.94,0.19
Setipinna taty,13.88,2.85,0.21
Setipinna taty,17.35,2.89,0.17
Setipinna taty,16.54,3.04,0.18
Setipinna taty,14.0,2.92,0.21
Setipinna taty,15.08,2.98,0.2
Setipinna taty,12.89,2.86,0.22
Setipinna taty,14.87,2.91,0.2
Setipinna taty,16.46,2.99,0.18
Setipinna taty,16.09,2.94,0.18
Setipinna taty,17.99,2.87,0.16
Setipinna taty,13.88,2.9,0.21
Setipinna taty,13.52,2.92,0.22
Setipinna taty,15.46,2.98,0.19
Setipinna taty,16.63,3.01,0.18
Setipinna taty,16.91,3.07,0.18
Setipinna taty,16.3,2.89,0.18
Setipinna taty,13.25,2.78,0.21
Setipinna taty,18.27,3.08,0.17
Setipinna taty,12.18,3.01,0.25
Setipinna taty,12.62,2.92,0.23
Setipinna taty,11.19,2.79,0.25
Setipinna taty,18.33,2.93,0.16
Setipinna taty,13.99,2.77,0.2
Setipinna taty,13.15,2.84,0.22
Setipinna taty,15.79,2.73,0.17
Setipinna taty,16.12,2.88,0.18
Setipinna taty,14.82,2.98,0.2
Setipinna taty,15.24,2.87,0.19
Sillaginopsis panijus,26.41,3.42,0.13
Sillaginopsis panijus,23.5,3.3,0.14
Sillaginopsis panijus,21.66,3.65,0.17
Sillaginopsis panijus,18.78,3.33,0.18
Sillaginopsis panijus,22.32,3.28,0.15
Sillaginopsis panijus,24.82,3.26,0.13
Sillaginopsis panijus,20.74,3.27,0.16
Sillaginopsis panijus,23.36,3.38,0.14
Sillaginopsis panijus,25.45,3.29,0.13
Sillaginopsis panijus,26.28,3.37,0.13
Sillaginopsis panijus,20.52,3.34,0.16
Sillaginopsis panijus,25.23,3.19,0.13
Sillaginopsis panijus,23.9,3.22,0.13
Sillaginopsis panijus,21.01,3.32,0.16
Sillaginopsis panijus,21.59,3.1,0.14
Sillaginopsis panijus,26.97,3.42,0.13
Sillaginopsis panijus,21.87,3.47,0.16
Sillaginopsis panijus,26.53,3.11,0.12
Sillaginopsis panijus,23.37,3.26,0.14
Sillaginopsis panijus,30.53,3.27,0.11
Sillaginopsis panijus,24.2,3.22,0.13
Sillaginopsis panijus,25.34,3.42,0.13
Sillaginopsis panijus,22.91,3.3,0.14
Sillaginopsis panijus,27.11,3.5,0.13
Sillaginopsis panijus,22.69,3.25,0.14
Sillaginopsis panijus,26.49,3.2,0.12
Sillaginopsis panijus,23.83,3.35,0.14
Sillaginopsis panijus,25.69,3.22,0.13
Sillaginopsis panijus,26.66,3.32,0.12
Sillaginopsis panijus,28.19,3.37,0.12
Sillaginopsis panijus,22.4,3.43,0.15
Sillaginopsis panijus,21.4,3.22,0.15
Sillaginopsis panijus,20.92,3.35,0.16
Sillaginopsis panijus,21.88,3.38,0.15
Sillaginopsis panijus,27.82,3.45,0.12
Sillaginopsis panijus,25.7,3.36,0.13
Sillaginopsis panijus,25.02,3.33,0.13
Sillaginopsis panijus,27.9,3.59,0.13
Sillaginopsis panijus,28.02,3.45,0.12
Sillaginopsis panijus,26.57,3.29,0.12
Sillaginopsis panijus,23.94,3.36,0.14
Sillaginopsis panijus,24.13,3.3,0.14
Sillaginopsis panijus,26.78,3.4,0.13
Sillaginopsis panijus,22.61,3.46,0.15
Sillaginopsis panijus,20.67,3.32,0.16
Sillaginopsis panijus,18.15,3.16,0.17
Sillaginopsis panijus,23.87,3.32,0.14
Sillaginopsis panijus,26.06,3.45,0.13
Sillaginopsis panijus,24.96,3.47,0.14
Sillaginopsis panijus,23.24,3.55,0.15
Sillaginopsis panijus,20.77,3.44,0.17
Sillaginopsis panijus,28.2,3.48,0.12
Sillaginopsis panijus,21.21,3.38,0.16
Sillaginopsis panijus,20.22,3.45,0.17
Sillaginopsis panijus,28.07,3.36,0.12
Sillaginopsis panijus,29.25,3.38,0.12
Sillaginopsis panijus,21.35,3.34,0.16
Sillaginopsis panijus,31.53,3.31,0.11
Sillaginopsis panijus,25.14,3.32,0.13
Sillaginopsis panijus,22.28,3.19,0.14
Sillaginopsis panijus,22.19,3.07,0.14
Sillaginopsis panijus,31.62,3.35,0.11
Sillaginopsis panijus,20.21,3.38,0.17
Sillaginopsis panijus,25.73,3.39,0.13
Sillaginopsis panijus,21.93,3.11,0.14
Sillaginopsis panijus,25.12,3.18,0.13
Sillaginopsis panijus,21.59,3.25,0.15
Sillaginopsis panijus,26.99,3.2,0.12
Sillaginopsis panijus,29.74,3.46,0.12
Sillaginopsis panijus,20.48,3.32,0.16
Sillaginopsis panijus,25.21,3.39,0.13
Sillaginopsis panijus,21.61,3.33,0.15
Sillaginopsis panijus,27.6,3.51,0.13
Sillaginopsis panijus,29.11,3.16,0.11
Sillaginopsis panijus,26.25,3.34,0.13
Sillaginopsis panijus,24.06,3.2,0.13
Sillaginopsis panijus,25.7,3.4,0.13
Sillaginopsis panijus,26.87,3.22,0.12
Sillaginopsis panijus,27.12,3.35,0.12
Sillaginopsis panijus,27.43,3.28,0.12
Sillaginopsis panijus,27.15,3.46,0.13
Sillaginopsis panijus,25.34,3.11,0.12
Sillaginopsis panijus,28.1,3.35,0.12
Sillaginopsis panijus,25.33,3.35,0.13
Sillaginopsis panijus,20.25,3.46,0.17
Sillaginopsis panijus,19.63,3.22,0.16
Sillaginopsis panijus,26.07,3.18,0.12
Sillaginopsis panijus,22.64,3.46,0.15
Sillaginopsis panijus,25.81,3.35,0.13
Sillaginopsis panijus,20.33,3.12,0.15
Sillaginopsis panijus,22.63,3.26,0.14
Sillaginopsis panijus,28.15,3.24,0.12
Sillaginopsis panijus,23.7,3.46,0.15
Sillaginopsis panijus,20.68,3.33,0.16
Sillaginopsis panijus,20.25,3.52,0.17
Sillaginopsis panijus,23.25,3.49,0.15
Sillaginopsis panijus,20.67,3.38,0.16
Sillaginopsis panijus,22.13,3.5,0.16
Sillaginopsis panijus,28.18,3.29,0.12
Sillaginopsis panijus,20.83,3.45,0.17
Sillaginopsis panijus,32.86,3.48,0.11
Sillaginopsis panijus,22.78,3.34,0.15
Sillaginopsis panijus,20.15,3.33,0.17
Sillaginopsis panijus,25.13,3.3,0.13
Sillaginopsis panijus,24.91,3.22,0.13
Sillaginopsis panijus,22.83,3.28,0.14
Sillaginopsis panijus,30.22,3.3,0.11
Sillaginopsis panijus,24.88,3.45,0.14
Sillaginopsis panijus,29.0,3.36,0.12
Sillaginopsis panijus,24.45,3.19,0.13
Sillaginopsis panijus,32.41,3.24,0.1
Sillaginopsis panijus,17.93,3.17,0.18
Sillaginopsis panijus,24.19,3.4,0.14
Sillaginopsis panijus,25.27,3.56,0.14
Sillaginopsis panijus,29.43,3.37,0.11
Sillaginopsis panijus,26.07,3.47,0.13
Sillaginopsis panijus,25.8,3.38,0.13
Sillaginopsis panijus,25.37,3.41,0.13
Sillaginopsis panijus,26.66,3.48,0.13
Sillaginopsis panijus,23.44,3.42,0.15
Sillaginopsis panijus,21.53,3.34,0.16
Sillaginopsis panijus,24.74,3.42,0.14
Sillaginopsis panijus,30.25,3.47,0.11
Sillaginopsis panijus,26.87,3.42,0.13
Sillaginopsis panijus,25.75,3.28,0.13
Sillaginopsis panijus,22.57,3.41,0.15
Sillaginopsis panijus,23.52,3.3,0.14
Sillaginopsis panijus,29.37,3.39,0.12
Sillaginopsis panijus,26.36,3.3,0.13
Sillaginopsis panijus,22.39,3.34,0.15
Sillaginopsis panijus,24.8,3.45,0.14
Sillaginopsis panijus,24.18,3.35,0.14
Sillaginopsis panijus,21.53,3.28,0.15
Sillaginopsis panijus,32.44,3.2,0.1
Sillaginopsis panijus,32.58,3.34,0.1
Sillaginopsis panijus,28.17,3.38,0.12
Sillaginopsis panijus,32.19,3.44,0.11
Sillaginopsis panijus,27.48,3.2,0.12
Sillaginopsis panijus,30.27,3.24,0.11
Sillaginopsis panijus,25.76,3.43,0.13
Sillaginopsis panijus,31.06,3.32,0.11
Sillaginopsis panijus,29.74,3.28,0.11
Sillaginopsis panijus,21.74,3.29,0.15
Sillaginopsis panijus,28.51,3.57,0.13
Sillaginopsis panijus,22.32,3.24,0.15
Sillaginopsis panijus,24.78,3.47,0.14
Sillaginopsis panijus,27.32,3.48,0.13
Sillaginopsis panijus,25.21,3.23,0.13
Sillaginopsis panijus,21.19,3.27,0.15
Sillaginopsis panijus,29.38,3.16,0.11
Sillaginopsis panijus,26.02,3.27,0.13
Sillaginopsis panijus,24.42,3.36,0.14
Sillaginopsis panijus,22.68,3.34,0.15
Sillaginopsis panijus,23.05,3.36,0.15
Sillaginopsis panijus,32.56,3.32,0.1
Sillaginopsis panijus,25.0,3.13,0.13
Sillaginopsis panijus,30.61,3.44,0.11
Sillaginopsis panijus,22.73,3.35,0.15
Sillaginopsis panijus,25.02,3.28,0.13
Sillaginopsis panijus,26.27,3.53,0.13
Sillaginopsis panijus,19.55,3.33,0.17
Sillaginopsis panijus,26.99,3.27,0.12
Sillaginopsis panijus,27.82,3.16,0.11
Sillaginopsis panijus,24.39,3.24,0.13
Sillaginopsis panijus,28.38,3.29,0.12
Sillaginopsis panijus,29.55,3.46,0.12
Sillaginopsis panijus,20.7,3.41,0.16
Sillaginopsis panijus,20.65,3.26,0.16
Sillaginopsis panijus,25.34,3.52,0.14
Sillaginopsis panijus,27.98,3.23,0.12
Sillaginopsis panijus,31.21,3.44,0.11
Sillaginopsis panijus,26.37,3.4,0.13
Sillaginopsis panijus,19.44,3.4,0.17
Sillaginopsis panijus,24.44,3.6,0.15
Sillaginopsis panijus,26.78,3.55,0.13
Sillaginopsis panijus,31.77,3.47,0.11
Sillaginopsis panijus,33.63,3.22,0.1
Sillaginopsis panijus,27.43,3.18,0.12
Sillaginopsis panijus,27.8,3.43,0.12
Sillaginopsis panijus,22.95,3.58,0.16
Sillaginopsis panijus,24.8,3.39,0.14
Sillaginopsis panijus,25.96,3.53,0.14
Sillaginopsis panijus,30.13,3.4,0.11
Sillaginopsis panijus,24.49,3.32,0.14
Sillaginopsis panijus,32.23,3.41,0.11
Sillaginopsis panijus,21.58,3.28,0.15
Sillaginopsis panijus,24.91,3.59,0.14
Sillaginopsis panijus,22.92,3.35,0.15
Sillaginopsis panijus,19.15,3.53,0.18
Sillaginopsis panijus,31.99,3.41,0.11
Sillaginopsis panijus,22.06,2.97,0.13
Sillaginopsis panijus,29.49,3.31,0.11
Sillaginopsis panijus,26.13,3.38,0.13
Sillaginopsis panijus,32.99,3.4,0.1
Sillaginopsis panijus,23.72,3.24,0.14
Sillaginopsis panijus,25.91,3.57,0.14
Sillaginopsis panijus,24.83,3.22,0.13
Sillaginopsis panijus,21.24,3.3,0.16
Sillaginopsis panijus,28.97,3.45,0.12
Sillaginopsis panijus,22.16,3.4,0.15
Sillaginopsis panijus,24.55,3.39,0.14
Sillaginopsis panijus,32.04,3.29,0.1
Sillaginopsis panijus,20.51,3.38,0.16
Sillaginopsis panijus,27.23,3.35,0.12
Sillaginopsis panijus,21.88,3.45,0.16
Sillaginopsis panijus,28.13,3.17,0.11
Sillaginopsis panijus,25.55,3.38,0.13
Sillaginopsis panijus,25.8,3.37,0.13
Sillaginopsis panijus,23.24,3.31,0.14
Sillaginopsis panijus,22.24,3.45,0.16
Sillaginopsis panijus,27.05,3.25,0.12
Sillaginopsis panijus,20.76,3.21,0.15
Sillaginopsis panijus,26.77,3.29,0.12
Sillaginopsis panijus,25.28,3.42,0.14
Sillaginopsis panijus,21.62,3.14,0.15
Sillaginopsis panijus,21.2,3.36,0.16
Sillaginopsis panijus,28.08,3.37,0.12
Sillaginopsis panijus,28.91,3.41,0.12
Sillaginopsis panijus,27.42,3.45,0.13
Sillaginopsis panijus,26.21,3.66,0.14
Sillaginopsis panijus,19.9,3.38,0.17
Sillaginopsis panijus,28.79,3.41,0.12
Sillaginopsis panijus,28.35,3.44,0.12
Sillaginopsis panijus,29.83,3.26,0.11
Sillaginopsis panijus,28.3,3.21,0.11
Sillaginopsis panijus,27.45,3.41,0.12
Sillaginopsis panijus,25.31,3.54,0.14
Sillaginopsis panijus,22.36,3.3,0.15
Sillaginopsis panijus,29.43,3.32,0.11
Sillaginopsis panijus,24.44,3.25,0.13
Sillaginopsis panijus,25.25,3.47,0.14
Sillaginopsis panijus,28.42,3.48,0.12
Sillaginopsis panijus,30.09,3.5,0.12
Sillaginopsis panijus,29.27,3.31,0.11
Sillaginopsis panijus,18.12,3.33,0.18
Sillaginopsis panijus,22.22,3.34,0.15
Sillaginopsis panijus,22.66,3.51,0.15
Sillaginopsis panijus,25.94,3.3,0.13
Sillaginopsis panijus,25.48,3.46,0.14
Sillaginopsis panijus,26.21,3.26,0.12
Sillaginopsis panijus,25.43,3.24,0.13
Sillaginopsis panijus,24.78,3.35,0.14
Sillaginopsis panijus,29.8,3.5,0.12
Sillaginopsis panijus,31.15,3.33,0.11
Sillaginopsis panijus,25.46,3.39,0.13
Sillaginopsis panijus,23.37,3.25,0.14
Sillaginopsis panijus,23.33,3.46,0.15
Sillaginopsis panijus,20.69,3.49,0.17
Sillaginopsis panijus,23.45,3.52,0.15
Sillaginopsis panijus,29.58,3.65,0.12
Sillaginopsis panijus,24.48,3.25,0.13
Sillaginopsis panijus,24.41,3.37,0.14
Sillaginopsis panijus,25.64,3.35,0.13
Sillaginopsis panijus,31.26,3.42,0.11
Sillaginopsis panijus,23.04,3.36,0.15
